lat,lon,dist_m,nearroad_inc,outdoor_pm25,infiltration,indoor_pm25
41.30757,69.30771,116,2.31,40.2,0.65,26.1
41.25781,69.15703,231,1.07,39.0,0.8,31.2
41.28917,69.24727,361,0.45,38.4,0.65,24.9
41.29452,69.22287,174,1.57,39.5,0.65,25.7
41.27442,69.26259,316,0.61,38.5,0.8,30.8
41.33477,69.32621,586,0.10,38.0,0.5,19.0
41.29757,69.25035,20,4.38,42.3,0.65,27.5
41.26959,69.27191,428,0.29,38.2,0.65,24.8
41.32152,69.24432,34,3.99,41.9,0.8,33.5
41.31039,69.18156,257,0.90,38.8,0.8,31.0
41.33904,69.28629,56,3.44,41.3,0.8,33.1
41.30918,69.24363,51,3.56,41.5,0.5,20.7
41.29912,69.35989,663,0.06,38.0,0.65,24.7
41.33079,69.27806,377,0.40,38.3,0.65,24.9
41.33492,69.25334,36,3.93,41.8,0.8,33.5
41.35786,69.37442,318,0.60,38.5,0.8,30.8
41.36822,69.27707,677,0.05,38.0,0.8,30.4
41.27143,69.26051,50,3.58,41.5,0.8,33.2
41.29696,69.27454,38,3.88,41.8,0.65,27.2
41.36956,69.26831,1328,0.00,37.9,0.65,24.6
41.35811,69.21074,1099,0.00,37.9,0.65,24.6
41.27655,69.20515,86,2.82,40.7,0.8,32.6
41.24605,69.21776,35,3.96,41.9,0.5,20.9
41.38949,69.28002,323,0.58,38.5,0.65,25.0
41.29416,69.24924,117,2.29,40.2,0.65,26.1
41.26428,69.22366,149,1.85,39.8,0.8,31.8
41.29017,69.25684,123,2.20,40.1,0.8,32.1
41.33265,69.33001,191,1.40,39.3,0.8,31.4
41.29489,69.22553,61,3.33,41.2,0.8,33.0
41.27923,69.30892,114,2.34,40.2,0.65,26.2
41.32099,69.25186,35,3.96,41.9,0.65,27.2
41.35853,69.23877,1010,0.01,37.9,0.5,19.0
41.36657,69.41696,47,3.66,41.6,0.8,33.2
41.31806,69.29632,26,4.20,42.1,0.8,33.7
41.29540,69.17737,65,3.24,41.1,0.8,32.9
41.30797,69.28330,129,2.12,40.0,0.8,32.0
41.37804,69.29543,51,3.56,41.5,0.8,33.2
41.34371,69.21158,22,4.32,42.2,0.8,33.8
41.34388,69.21176,22,4.32,42.2,0.8,33.8
41.32526,69.25836,49,3.61,41.5,0.65,27.0
41.32686,69.28369,41,3.80,41.7,0.8,33.4
41.35644,69.17395,326,0.57,38.5,0.65,25.0
41.29899,69.27502,82,2.89,40.8,0.65,26.5
41.29319,69.34167,851,0.02,37.9,0.8,30.3
41.32534,69.28632,284,0.75,38.7,0.65,25.1
41.29466,69.27618,92,2.71,40.6,0.65,26.4
41.31663,69.29094,51,3.56,41.5,0.8,33.2
41.40881,69.14622,4592,0.00,37.9,0.8,30.3
41.29461,69.25264,153,1.80,39.7,0.65,25.8
41.30235,69.28747,63,3.29,41.2,0.8,32.9
41.33796,69.20412,112,2.37,40.3,0.8,32.2
41.31985,69.29519,180,1.51,39.4,0.8,31.5
41.31307,69.24066,51,3.56,41.5,0.65,26.9
41.30784,69.24497,58,3.40,41.3,0.65,26.8
41.31800,69.29623,28,4.15,42.0,0.65,27.3
41.32090,69.25323,35,3.96,41.9,0.65,27.2
41.30742,69.26626,24,4.26,42.2,0.8,33.7
41.32332,69.23791,95,2.65,40.6,0.8,32.4
41.31977,69.29805,54,3.49,41.4,0.8,33.1
41.34813,69.24192,18,4.43,42.3,0.8,33.9
41.28281,69.19093,36,3.93,41.8,0.65,27.2
41.32036,69.29993,30,4.09,42.0,0.8,33.6
41.29898,69.39185,2255,0.00,37.9,0.8,30.3
41.34008,69.25151,13,4.58,42.5,0.65,27.6
41.28458,69.17882,544,0.13,38.0,0.65,24.7
41.28130,69.20243,438,0.27,38.2,0.8,30.5
41.26096,69.19582,82,2.89,40.8,0.8,32.6
41.28332,69.20189,584,0.10,38.0,0.8,30.4
41.31845,69.32172,230,1.08,39.0,0.8,31.2
41.30748,69.24518,48,3.63,41.5,0.8,33.2
41.32424,69.24448,34,3.99,41.9,0.8,33.5
41.29291,69.26500,65,3.24,41.1,0.8,32.9
41.33609,69.20129,171,1.60,39.5,0.65,25.7
41.30334,69.24753,16,4.49,42.4,0.8,33.9
41.38084,69.27358,746,0.03,37.9,0.8,30.3
41.26606,69.35623,690,0.05,38.0,0.8,30.4
41.30786,69.28348,109,2.42,40.3,0.8,32.3
41.29644,69.27376,125,2.17,40.1,0.65,26.0
41.27622,69.20503,72,3.09,41.0,0.8,32.8
41.35115,69.22212,120,2.25,40.1,0.65,26.1
41.26611,69.16923,1588,0.00,37.9,0.65,24.6
41.29485,69.21824,27,4.18,42.1,0.8,33.7
41.30678,69.24596,58,3.40,41.3,0.65,26.8
41.28371,69.18348,366,0.44,38.3,0.8,30.7
41.28691,69.34744,957,0.01,37.9,0.8,30.3
41.28691,69.34745,956,0.01,37.9,0.8,30.3
41.28698,69.34758,942,0.01,37.9,0.65,24.6
41.28708,69.34776,924,0.01,37.9,0.8,30.3
41.35971,69.20503,1419,0.00,37.9,0.8,30.3
41.30161,69.27600,67,3.20,41.1,0.8,32.9
41.31059,69.24326,28,4.15,42.0,0.8,33.6
41.34805,69.35214,175,1.56,39.5,0.65,25.6
41.33954,69.18112,1091,0.00,37.9,0.8,30.3
41.33958,69.17924,1058,0.00,37.9,0.8,30.3
41.29599,69.26756,55,3.47,41.4,0.8,33.1
41.30813,69.24510,85,2.84,40.7,0.65,26.5
41.34648,69.38345,936,0.01,37.9,0.8,30.3
41.34880,69.38336,922,0.01,37.9,0.8,30.3
41.41760,69.31166,128,2.13,40.0,0.8,32.0
41.33504,69.35201,373,0.42,38.3,0.5,19.2
41.34082,69.25012,48,3.63,41.5,0.5,20.8
41.34405,69.22540,322,0.58,38.5,0.65,25.0
41.33912,69.22322,51,3.56,41.5,0.8,33.2
41.29736,69.25043,21,4.35,42.2,0.5,21.1
41.32862,69.25724,410,0.33,38.2,0.65,24.8
41.32353,69.25676,80,2.93,40.8,0.65,26.5
41.31884,69.35742,77,2.99,40.9,0.8,32.7
41.31627,69.21703,573,0.11,38.0,0.8,30.4
41.34288,69.16954,401,0.35,38.2,0.8,30.6
41.33276,69.32244,695,0.05,37.9,0.5,19.0
41.34106,69.24929,50,3.58,41.5,0.8,33.2
41.28860,69.21334,393,0.36,38.3,0.8,30.6
41.28773,69.21269,372,0.42,38.3,0.8,30.7
41.30658,69.27317,456,0.24,38.1,0.8,30.5
41.29397,69.33719,1027,0.01,37.9,0.8,30.3
41.33632,69.21720,254,0.92,38.8,0.65,25.2
41.29578,69.26166,329,0.56,38.5,0.65,25.0
41.23479,69.21566,53,3.51,41.4,0.65,26.9
41.23406,69.21614,56,3.44,41.3,0.8,33.1
41.31841,69.28815,234,1.05,39.0,0.65,25.3
41.32874,69.25724,423,0.30,38.2,0.8,30.6
41.33616,69.24934,387,0.38,38.3,0.65,24.9
41.33064,69.26441,355,0.47,38.4,0.8,30.7
41.32824,69.29181,478,0.21,38.1,0.8,30.5
41.32561,69.30280,507,0.17,38.1,0.8,30.5
41.29501,69.25317,204,1.28,39.2,0.8,31.3
41.29291,69.22018,87,2.80,40.7,0.8,32.6
41.29471,69.22044,60,3.35,41.3,0.8,33.0
41.25037,69.30734,677,0.05,38.0,0.8,30.4
41.25036,69.30871,674,0.06,38.0,0.8,30.4
41.24729,69.29867,332,0.55,38.4,0.8,30.8
41.30419,69.27387,359,0.46,38.4,0.5,19.2
41.28368,69.35086,787,0.03,37.9,0.8,30.3
41.24677,69.30541,276,0.79,38.7,0.8,31.0
41.35051,69.34335,488,0.19,38.1,0.8,30.5
41.17747,69.24733,1245,0.00,37.9,0.8,30.3
41.29618,69.27847,151,1.83,39.7,0.5,19.9
41.29296,69.36583,673,0.06,38.0,0.8,30.4
41.29454,69.34648,481,0.20,38.1,0.65,24.8
41.29497,69.34470,538,0.14,38.0,0.8,30.4
41.30874,69.23502,274,0.80,38.7,0.8,31.0
41.30831,69.23610,172,1.59,39.5,0.8,31.6
41.36936,69.20893,1140,0.00,37.9,0.5,19.0
41.36947,69.21899,504,0.17,38.1,0.8,30.5
41.36811,69.19837,681,0.05,38.0,0.8,30.4
41.28196,69.28908,880,0.01,37.9,0.8,30.3
41.36451,69.23207,566,0.11,38.0,0.8,30.4
41.36399,69.23121,496,0.18,38.1,0.8,30.5
41.36424,69.23173,539,0.14,38.0,0.8,30.4
41.33130,69.32781,242,1.00,38.9,0.8,31.1
41.27480,69.34558,1349,0.00,37.9,0.65,24.6
41.27583,69.35505,548,0.13,38.0,0.65,24.7
41.27037,69.29447,1363,0.00,37.9,0.8,30.3
41.27460,69.29794,876,0.01,37.9,0.8,30.3
41.37926,69.30385,528,0.15,38.0,0.8,30.4
41.36371,69.27886,320,0.59,38.5,0.65,25.0
41.30121,69.30949,367,0.43,38.3,0.8,30.7
41.28638,69.35529,384,0.39,38.3,0.65,24.9
41.29165,69.36342,425,0.29,38.2,0.65,24.8
41.33286,69.16855,452,0.25,38.1,0.65,24.8
41.33965,69.18099,1079,0.00,37.9,0.8,30.3
41.33815,69.17057,513,0.16,38.1,0.5,19.0
41.33979,69.17899,1030,0.01,37.9,0.8,30.3
41.31056,69.32376,500,0.18,38.1,0.8,30.5
41.26545,69.14974,211,1.22,39.1,0.8,31.3
41.26694,69.15526,679,0.05,38.0,0.8,30.4
41.26046,69.15356,244,0.98,38.9,0.65,25.3
41.27756,69.16665,1624,0.00,37.9,0.65,24.6
41.31878,69.22963,71,3.11,41.0,0.8,32.8
41.37961,69.28471,365,0.44,38.3,0.5,19.2
41.34782,69.38780,1192,0.00,37.9,0.8,30.3
41.34756,69.38498,1109,0.00,37.9,0.8,30.3
41.30550,69.21161,289,0.73,38.6,0.8,30.9
41.30284,69.21653,502,0.18,38.1,0.5,19.0
41.28615,69.19788,276,0.79,38.7,0.8,31.0
41.30324,69.20695,156,1.77,39.7,0.8,31.7
41.26199,69.22609,87,2.80,40.7,0.8,32.6
41.28231,69.27548,67,3.20,41.1,0.5,20.5
41.27632,69.21832,794,0.03,37.9,0.65,24.7
41.28662,69.30467,91,2.73,40.6,0.65,26.4
41.32321,69.31788,63,3.29,41.2,0.65,26.8
41.29981,69.22850,201,1.31,39.2,0.65,25.5
41.25966,69.32129,215,1.19,39.1,0.8,31.3
41.28604,69.34223,1367,0.00,37.9,0.8,30.3
41.28487,69.34029,1574,0.00,37.9,0.65,24.6
41.33314,69.30394,64,3.26,41.2,0.65,26.8
41.22096,69.33315,83,2.88,40.8,0.8,32.6
41.28121,69.34718,1126,0.00,37.9,0.8,30.3
41.34655,69.24523,163,1.69,39.6,0.65,25.7
41.29248,69.32990,1392,0.00,37.9,0.8,30.3
41.29430,69.34244,715,0.04,37.9,0.5,19.0
41.28052,69.18735,424,0.30,38.2,0.8,30.6
41.27435,69.19950,289,0.73,38.6,0.8,30.9
41.27921,69.18993,394,0.36,38.3,0.65,24.9
41.32651,69.19904,311,0.63,38.5,0.8,30.8
41.26418,69.18178,1111,0.00,37.9,0.8,30.3
41.33767,69.37367,324,0.58,38.5,0.8,30.8
41.33842,69.37422,229,1.09,39.0,0.65,25.3
41.35892,69.39279,268,0.84,38.7,0.8,31.0
41.34807,69.38603,1122,0.00,37.9,0.8,30.3
41.29879,69.25781,658,0.06,38.0,0.65,24.7
41.33546,69.24747,467,0.22,38.1,0.5,19.1
41.33694,69.24897,376,0.41,38.3,0.8,30.6
41.24539,69.33142,379,0.40,38.3,0.8,30.6
41.27850,69.22267,916,0.01,37.9,0.8,30.3
41.28541,69.25161,120,2.25,40.1,0.8,32.1
41.33377,69.32736,442,0.26,38.2,0.8,30.5
41.28860,69.21290,421,0.30,38.2,0.65,24.8
41.28557,69.22083,291,0.72,38.6,0.8,30.9
41.36391,69.19287,740,0.04,37.9,0.8,30.3
41.34797,69.35194,168,1.63,39.5,0.65,25.7
41.35562,69.21495,675,0.06,38.0,0.8,30.4
41.27396,69.26341,364,0.44,38.3,0.8,30.7
41.34634,69.36606,343,0.51,38.4,0.65,25.0
41.33327,69.32494,566,0.11,38.0,0.65,24.7
41.28424,69.35718,256,0.91,38.8,0.65,25.2
41.18762,69.44341,3046,0.00,37.9,0.8,30.3
41.24714,69.22456,361,0.45,38.4,0.8,30.7
41.19815,69.20968,258,0.90,38.8,0.5,19.4
41.31449,69.10673,3845,0.00,37.9,0.8,30.3
41.26895,69.31820,391,0.37,38.3,0.8,30.6
41.28226,69.16654,1456,0.00,37.9,0.8,30.3
41.25297,69.34050,882,0.01,37.9,0.65,24.6
41.25361,69.34719,666,0.06,38.0,0.5,19.0
41.20115,69.25035,1581,0.00,37.9,0.8,30.3
41.24730,69.15596,705,0.05,37.9,0.5,19.0
41.26878,69.30131,903,0.01,37.9,0.8,30.3
41.25923,69.20082,362,0.45,38.3,0.8,30.7
41.26801,69.17491,1824,0.00,37.9,0.65,24.6
41.26104,69.15730,508,0.17,38.1,0.8,30.5
41.23529,69.19090,196,1.35,39.3,0.8,31.4
41.21889,69.21615,646,0.07,38.0,0.8,30.4
41.27082,69.15848,965,0.01,37.9,0.5,19.0
41.30684,69.18915,370,0.42,38.3,0.8,30.7
41.30237,69.18470,755,0.03,37.9,0.5,19.0
41.35496,69.30257,468,0.22,38.1,0.65,24.8
41.35203,69.29848,865,0.02,37.9,0.8,30.3
41.30850,69.23549,227,1.10,39.0,0.65,25.4
41.32611,69.22599,196,1.35,39.3,0.8,31.4
41.26961,69.23471,76,3.01,40.9,0.8,32.7
41.31889,69.35533,200,1.32,39.2,0.65,25.5
41.21275,69.23325,203,1.29,39.2,0.65,25.5
41.21599,69.24092,196,1.35,39.3,0.8,31.4
41.25639,69.32918,679,0.05,38.0,0.8,30.4
41.27725,69.31280,330,0.55,38.5,0.65,25.0
41.31742,69.29814,165,1.66,39.6,0.65,25.7
41.34023,69.33455,78,2.97,40.9,0.65,26.6
41.32691,69.34523,676,0.06,38.0,0.8,30.4
41.33574,69.21831,192,1.39,39.3,0.8,31.4
41.28804,69.26004,213,1.21,39.1,0.8,31.3
41.35419,69.23786,601,0.09,38.0,0.65,24.7
41.37610,69.28697,94,2.67,40.6,0.65,26.4
41.20724,69.21655,340,0.52,38.4,0.8,30.7
41.25969,69.21163,116,2.31,40.2,0.8,32.2
41.34175,69.20059,361,0.45,38.4,0.8,30.7
41.25765,69.37605,223,1.13,39.0,0.65,25.4
41.41731,69.31239,60,3.35,41.3,0.65,26.8
41.28558,69.19999,450,0.25,38.1,0.8,30.5
41.20026,69.22853,811,0.02,37.9,0.8,30.3
41.35466,69.38818,478,0.21,38.1,0.8,30.5
41.32377,69.35348,516,0.16,38.1,0.8,30.4
41.28627,69.17885,399,0.35,38.2,0.65,24.9
41.20411,69.13903,1506,0.00,37.9,0.8,30.3
41.28281,69.19677,172,1.59,39.5,0.8,31.6
41.32459,69.27913,254,0.92,38.8,0.5,19.4
41.31784,69.32208,263,0.87,38.8,0.8,31.0
41.33455,69.43946,1066,0.00,37.9,0.8,30.3
41.22678,69.12486,1135,0.00,37.9,0.8,30.3
41.19007,69.13531,884,0.01,37.9,0.8,30.3
41.36665,69.32385,282,0.76,38.7,0.8,30.9
41.25585,69.42954,871,0.02,37.9,0.8,30.3
41.32214,69.16243,388,0.38,38.3,0.8,30.6
41.22711,69.21076,595,0.09,38.0,0.8,30.4
41.24756,69.28785,358,0.46,38.4,0.8,30.7
41.27812,69.28742,1002,0.01,37.9,0.65,24.6
41.24708,69.31426,352,0.48,38.4,0.8,30.7
41.32052,69.34713,784,0.03,37.9,0.8,30.3
41.36500,69.27599,564,0.12,38.0,0.8,30.4
41.31348,69.20318,444,0.26,38.2,0.65,24.8
41.31789,69.23436,185,1.46,39.4,0.65,25.6
41.35721,69.32663,852,0.02,37.9,0.8,30.3
41.35071,69.31691,84,2.86,40.8,0.8,32.6
41.36991,69.28961,262,0.87,38.8,0.8,31.0
41.37782,69.26227,1614,0.00,37.9,0.8,30.3
41.26403,69.21177,488,0.19,38.1,0.8,30.5
41.34930,69.34287,500,0.18,38.1,0.8,30.5
41.35107,69.34511,346,0.50,38.4,0.8,30.7
41.26862,69.25018,116,2.31,40.2,0.8,32.2
41.23859,69.25532,639,0.07,38.0,0.8,30.4
41.25701,69.31804,136,2.02,39.9,0.8,31.9
41.24731,69.29133,332,0.55,38.4,0.65,25.0
41.33285,69.22354,264,0.86,38.8,0.8,31.0
41.28298,69.34457,1319,0.00,37.9,0.5,19.0
41.28274,69.18569,327,0.57,38.5,0.8,30.8
41.29903,69.35864,571,0.11,38.0,0.65,24.7
41.27374,69.27554,453,0.24,38.1,0.5,19.1
41.37257,69.23836,1115,0.00,37.9,0.5,19.0
41.36960,69.29957,476,0.21,38.1,0.65,24.8
41.39154,69.25251,704,0.05,37.9,0.65,24.7
41.37053,69.28329,258,0.90,38.8,0.65,25.2
41.36700,69.29792,321,0.59,38.5,0.65,25.0
41.37487,69.31495,557,0.12,38.0,0.8,30.4
41.37269,69.28073,517,0.16,38.1,0.8,30.4
41.37569,69.31676,384,0.39,38.3,0.8,30.6
41.36554,69.31116,887,0.01,37.9,0.65,24.6
41.36890,69.31896,461,0.23,38.1,0.8,30.5
41.36823,69.20132,828,0.02,37.9,0.8,30.3
41.21750,69.26462,584,0.10,38.0,0.65,24.7
41.31069,69.18098,212,1.22,39.1,0.8,31.3
41.31452,69.16401,658,0.06,38.0,0.8,30.4
41.30825,69.16901,60,3.35,41.3,0.8,33.0
41.28010,69.18831,408,0.33,38.2,0.8,30.6
41.37811,69.30220,482,0.20,38.1,0.8,30.5
41.36998,69.26828,1369,0.00,37.9,0.8,30.3
41.37033,69.30612,993,0.01,37.9,0.8,30.3
41.37935,69.30372,516,0.16,38.1,0.8,30.4
41.35887,69.28347,320,0.59,38.5,0.8,30.8
41.28290,69.17323,991,0.01,37.9,0.65,24.6
41.28102,69.17483,1062,0.00,37.9,0.8,30.3
41.33141,69.37228,229,1.09,39.0,0.5,19.5
41.35437,69.38220,356,0.47,38.4,0.5,19.2
41.36296,69.38918,221,1.15,39.0,0.8,31.2
41.30902,69.19886,430,0.28,38.2,0.8,30.5
41.31008,69.24561,169,1.62,39.5,0.8,31.6
41.36837,69.26572,1322,0.00,37.9,0.65,24.6
41.26615,69.16936,1597,0.00,37.9,0.65,24.6
41.37753,69.27731,873,0.01,37.9,0.65,24.6
41.27419,69.19804,383,0.39,38.3,0.8,30.6
41.29929,69.22922,118,2.28,40.2,0.65,26.1
41.29547,69.21224,299,0.68,38.6,0.8,30.9
41.27154,69.34962,1060,0.00,37.9,0.65,24.6
41.26619,69.35537,761,0.03,37.9,0.8,30.3
41.23431,69.35101,1309,0.00,37.9,0.65,24.6
41.23374,69.33908,351,0.48,38.4,0.65,24.9
41.31345,69.23258,230,1.08,39.0,0.8,31.2
41.34456,69.24105,302,0.67,38.6,0.65,25.1
41.34819,69.34082,558,0.12,38.0,0.8,30.4
41.30418,69.15743,95,2.65,40.6,0.65,26.4
41.29832,69.16779,480,0.20,38.1,0.8,30.5
41.29855,69.15902,674,0.06,38.0,0.5,19.0
41.32111,69.17399,1066,0.00,37.9,0.8,30.3
41.29345,69.19051,291,0.72,38.6,0.5,19.3
41.28925,69.17886,165,1.66,39.6,0.65,25.7
41.34428,69.22300,506,0.17,38.1,0.8,30.5
41.29573,69.18165,391,0.37,38.3,0.65,24.9
41.24731,69.28523,330,0.55,38.5,0.65,25.0
41.26840,69.18521,1216,0.00,37.9,0.5,19.0
41.26658,69.20539,410,0.33,38.2,0.8,30.6
41.29156,69.14454,446,0.26,38.2,0.8,30.5
41.27719,69.29318,1118,0.00,37.9,0.8,30.3
41.38443,69.22004,341,0.51,38.4,0.65,25.0
41.34105,69.25030,77,2.99,40.9,0.8,32.7
41.32508,69.18767,442,0.26,38.2,0.8,30.5
41.28272,69.22676,603,0.09,38.0,0.8,30.4
41.35268,69.18519,310,0.63,38.5,0.8,30.8
41.33963,69.26372,360,0.45,38.4,0.8,30.7
41.35765,69.36895,345,0.50,38.4,0.65,25.0
41.21507,69.22883,81,2.91,40.8,0.65,26.5
41.22481,69.36700,103,2.52,40.4,0.8,32.3
41.32954,69.28769,325,0.57,38.5,0.8,30.8
41.32943,69.28939,374,0.41,38.3,0.5,19.2
41.27384,69.26536,241,1.00,38.9,0.8,31.1
41.24291,69.32478,227,1.10,39.0,0.8,31.2
41.32454,69.17095,984,0.01,37.9,0.8,30.3
41.25332,69.15053,489,0.19,38.1,0.65,24.8
41.34213,69.16905,364,0.44,38.3,0.8,30.7
41.21002,69.22402,309,0.64,38.5,0.65,25.0
41.22186,69.21406,665,0.06,38.0,0.65,24.7
41.27359,69.23025,647,0.07,38.0,0.8,30.4
41.34226,69.20742,137,2.01,39.9,0.65,25.9
41.33375,69.20522,225,1.12,39.0,0.65,25.4
41.24889,69.31085,510,0.17,38.1,0.8,30.5
41.33265,69.26287,245,0.98,38.9,0.8,31.1
41.30288,69.30726,236,1.04,38.9,0.8,31.1
41.40963,69.17828,1923,0.00,37.9,0.8,30.3
41.29082,69.15947,791,0.03,37.9,0.8,30.3
41.31520,69.17477,433,0.28,38.2,0.5,19.1
41.33977,69.29677,777,0.03,37.9,0.8,30.3
41.26364,69.19365,362,0.45,38.3,0.8,30.7
41.39583,69.20453,78,2.97,40.9,0.65,26.6
41.40641,69.19589,549,0.13,38.0,0.8,30.4
41.40051,69.19472,737,0.04,37.9,0.5,19.0
41.29559,69.20800,289,0.73,38.6,0.65,25.1
41.19475,69.21182,676,0.06,38.0,0.8,30.4
41.33609,69.35245,486,0.20,38.1,0.8,30.5
41.35354,69.33491,673,0.06,38.0,0.5,19.0
41.26740,69.16545,1491,0.00,37.9,0.65,24.6
41.35745,69.23344,548,0.13,38.0,0.5,19.0
41.31336,69.22740,501,0.18,38.1,0.8,30.5
41.29214,69.17235,468,0.22,38.1,0.65,24.8
41.34373,69.30108,1126,0.00,37.9,0.65,24.6
41.31598,69.20911,74,3.05,41.0,0.8,32.8
41.28223,69.36718,525,0.15,38.1,0.8,30.4
41.35694,69.36437,231,1.07,39.0,0.65,25.3
41.35863,69.36447,418,0.31,38.2,0.8,30.6
41.35874,69.39268,273,0.81,38.7,0.8,31.0
41.17928,69.13341,256,0.91,38.8,0.65,25.2
41.37134,69.27039,1308,0.00,37.9,0.8,30.3
41.33813,69.37365,277,0.79,38.7,0.8,31.0
41.34051,69.37183,56,3.44,41.3,0.8,33.1
41.38604,69.17089,2314,0.00,37.9,0.8,30.3
41.27216,69.27492,508,0.17,38.1,0.5,19.0
41.24319,69.14207,1604,0.00,37.9,0.65,24.6
41.39357,69.35298,2902,0.00,37.9,0.8,30.3
41.38432,69.35805,3123,0.00,37.9,0.5,19.0
41.32569,69.28790,409,0.33,38.2,0.65,24.8
41.35673,69.17401,310,0.63,38.5,0.8,30.8
41.37265,69.32503,146,1.89,39.8,0.65,25.9
41.18820,69.32889,144,1.91,39.8,0.8,31.9
41.32698,69.25779,235,1.04,38.9,0.5,19.5
41.35325,69.23285,405,0.34,38.2,0.65,24.9
41.32298,69.24765,133,2.06,40.0,0.65,26.0
41.34947,69.26634,215,1.19,39.1,0.8,31.3
41.15450,69.38674,2836,0.00,37.9,0.65,24.6
41.15882,69.34582,1620,0.00,37.9,0.8,30.3
41.33982,69.23272,72,3.09,41.0,0.8,32.8
41.30354,69.11018,3432,0.00,37.9,0.8,30.3
41.33521,69.19917,251,0.94,38.8,0.65,25.2
41.29915,69.26525,204,1.28,39.2,0.8,31.3
41.34598,69.17562,292,0.71,38.6,0.5,19.3
41.30847,69.33958,159,1.73,39.6,0.65,25.8
41.28493,69.32738,1776,0.00,37.9,0.8,30.3
41.33558,69.23279,80,2.93,40.8,0.8,32.7
41.35113,69.25405,298,0.69,38.6,0.8,30.9
41.26339,69.18277,991,0.01,37.9,0.65,24.6
41.32336,69.20706,115,2.32,40.2,0.65,26.1
41.28549,69.22849,274,0.80,38.7,0.8,31.0
41.41660,69.31025,166,1.65,39.6,0.65,25.7
41.33578,69.28604,88,2.78,40.7,0.8,32.5
41.21373,69.33995,474,0.21,38.1,0.65,24.8
41.35962,69.22073,392,0.37,38.3,0.5,19.1
41.31690,69.18171,431,0.28,38.2,0.65,24.8
41.31655,69.18219,384,0.39,38.3,0.65,24.9
41.30956,69.22061,1013,0.01,37.9,0.65,24.6
41.28733,69.22439,336,0.53,38.4,0.8,30.7
41.22868,69.20921,387,0.38,38.3,0.8,30.6
41.22409,69.29112,1870,0.00,37.9,0.8,30.3
41.34198,69.16760,244,0.98,38.9,0.8,31.1
41.34232,69.16760,241,1.00,38.9,0.65,25.3
41.34526,69.21709,221,1.15,39.0,0.65,25.4
41.33120,69.38154,399,0.35,38.2,0.65,24.9
41.28205,69.13844,772,0.03,37.9,0.8,30.3
41.30730,69.13249,1575,0.00,37.9,0.65,24.6
41.22383,69.20306,222,1.14,39.0,0.8,31.2
41.35235,69.28635,128,2.13,40.0,0.8,32.0
41.16653,69.30598,1259,0.00,37.9,0.65,24.6
41.32666,69.26100,228,1.09,39.0,0.5,19.5
41.33695,69.31733,553,0.13,38.0,0.65,24.7
41.21582,69.30477,2462,0.00,37.9,0.8,30.3
41.33418,69.43978,1035,0.01,37.9,0.65,24.6
41.32996,69.22977,219,1.16,39.1,0.8,31.2
41.22282,69.20368,282,0.76,38.7,0.65,25.1
41.32914,69.29415,354,0.47,38.4,0.65,24.9
41.33811,69.34226,128,2.13,40.0,0.8,32.0
41.34901,69.27539,835,0.02,37.9,0.8,30.3
41.19047,69.12676,1499,0.00,37.9,0.8,30.3
41.19934,69.15958,79,2.95,40.9,0.5,20.4
41.20668,69.24362,774,0.03,37.9,0.8,30.3
41.21109,69.19867,557,0.12,38.0,0.65,24.7
41.28433,69.29757,540,0.14,38.0,0.65,24.7
41.32629,69.24338,138,1.99,39.9,0.8,31.9
41.33000,69.24229,88,2.78,40.7,0.8,32.5
41.31968,69.24362,87,2.80,40.7,0.5,20.3
41.27966,69.11850,2356,0.00,37.9,0.8,30.3
41.25163,69.09892,4265,0.00,37.9,0.8,30.3
41.33564,69.11180,4088,0.00,37.9,0.65,24.6
41.24316,69.14524,1452,0.00,37.9,0.65,24.6
41.23614,69.23001,869,0.02,37.9,0.5,19.0
41.33182,69.13074,2452,0.00,37.9,0.8,30.3
41.19193,69.15311,152,1.82,39.7,0.8,31.8
41.17370,69.15971,1822,0.00,37.9,0.8,30.3
41.21804,69.16174,987,0.01,37.9,0.8,30.3
41.22909,69.28012,809,0.02,37.9,0.8,30.3
41.33080,69.15151,763,0.03,37.9,0.8,30.3
41.22240,69.10655,1827,0.00,37.9,0.8,30.3
41.18680,69.15560,686,0.05,38.0,0.8,30.4
41.20185,69.16489,223,1.13,39.0,0.8,31.2
41.22732,69.13045,872,0.01,37.9,0.65,24.6
41.20797,69.18540,194,1.37,39.3,0.65,25.5
41.35517,69.14327,1953,0.00,37.9,0.8,30.3
41.36179,69.11647,4307,0.00,37.9,0.8,30.3
41.37746,69.14269,3166,0.00,37.9,0.8,30.3
41.41100,69.22973,1499,0.00,37.9,0.8,30.3
41.41577,69.19874,135,2.03,39.9,0.8,31.9
41.41995,69.26669,2566,0.00,37.9,0.8,30.3
41.40609,69.21867,1348,0.00,37.9,0.8,30.3
41.40594,69.26689,1091,0.00,37.9,0.8,30.3
41.40178,69.28492,1314,0.00,37.9,0.8,30.3
41.38494,69.32200,354,0.47,38.4,0.8,30.7
41.36971,69.16733,1117,0.00,37.9,0.8,30.3
41.41380,69.19431,533,0.14,38.0,0.65,24.7
41.22446,69.40610,302,0.67,38.6,0.65,25.1
41.27768,69.44768,193,1.38,39.3,0.65,25.5
41.25385,69.40303,385,0.38,38.3,0.8,30.6
41.19707,69.41647,1114,0.00,37.9,0.65,24.6
41.18341,69.35639,2188,0.00,37.9,0.8,30.3
41.15190,69.45075,1856,0.00,37.9,0.8,30.3
41.15271,69.42214,281,0.77,38.7,0.65,25.1
41.37124,69.38144,1229,0.00,37.9,0.8,30.3
41.36680,69.41246,276,0.79,38.7,0.8,31.0
41.39114,69.39886,2223,0.00,37.9,0.65,24.6
41.36677,69.44048,1183,0.00,37.9,0.65,24.6
41.34817,69.43183,2440,0.00,37.9,0.5,19.0
41.33302,69.40657,1054,0.00,37.9,0.8,30.3
41.40866,69.39549,4154,0.00,37.9,0.8,30.3
41.40708,69.30840,173,1.58,39.5,0.65,25.7
41.28964,69.39082,2587,0.00,37.9,0.8,30.3
41.36028,69.34431,391,0.37,38.3,0.65,24.9
41.18636,69.31763,338,0.53,38.4,0.8,30.7
41.15807,69.27219,623,0.08,38.0,0.8,30.4
41.18128,69.29631,499,0.18,38.1,0.8,30.5
41.14966,69.29273,2024,0.00,37.9,0.65,24.6
41.21620,69.32388,878,0.01,37.9,0.8,30.3
41.15469,69.24861,1246,0.00,37.9,0.8,30.3
41.18159,69.11066,1704,0.00,37.9,0.8,30.3
41.20712,69.10617,610,0.09,38.0,0.8,30.4
41.15976,69.11444,278,0.78,38.7,0.8,30.9
41.16203,69.18857,2111,0.00,37.9,0.65,24.6
41.16148,69.10773,715,0.04,37.9,0.8,30.4
41.40254,69.44426,2060,0.00,37.9,0.65,24.6
41.30720,69.24763,200,1.32,39.2,0.65,25.5
41.23752,69.17177,291,0.72,38.6,0.8,30.9
41.33901,69.26494,354,0.47,38.4,0.8,30.7
41.16854,69.21849,304,0.66,38.6,0.65,25.1
41.21257,69.19544,241,1.00,38.9,0.8,31.1
41.22361,69.18335,343,0.51,38.4,0.8,30.7
41.36945,69.21016,1198,0.00,37.9,0.5,19.0
41.36002,69.21915,522,0.15,38.1,0.5,19.0
41.29201,69.20364,430,0.28,38.2,0.65,24.8
41.32884,69.25691,419,0.31,38.2,0.8,30.6
41.28068,69.18765,394,0.36,38.3,0.65,24.9
41.39128,69.10351,6701,0.00,37.9,0.65,24.6
41.39824,69.11466,6455,0.00,37.9,0.8,30.3
41.39833,69.11991,6145,0.00,37.9,0.65,24.6
41.40885,69.14654,4565,0.00,37.9,0.8,30.3
41.41076,69.15568,3779,0.00,37.9,0.8,30.3
41.33512,69.24813,400,0.35,38.2,0.8,30.6
41.31361,69.28263,114,2.34,40.2,0.8,32.2
41.32959,69.22031,173,1.58,39.5,0.8,31.6
41.19993,69.22222,589,0.10,38.0,0.65,24.7
41.19813,69.21787,588,0.10,38.0,0.5,19.0
41.21873,69.18896,568,0.11,38.0,0.8,30.4
41.17237,69.20714,276,0.79,38.7,0.65,25.2
41.17000,69.12477,207,1.26,39.2,0.5,19.6
41.20612,69.12077,298,0.69,38.6,0.8,30.9
41.27966,69.10286,3660,0.00,37.9,0.8,30.3
41.30731,69.13721,1183,0.00,37.9,0.8,30.3
41.27211,69.14126,453,0.24,38.1,0.8,30.5
41.24079,69.36633,1270,0.00,37.9,0.65,24.6
41.38536,69.41349,1761,0.00,37.9,0.8,30.3
41.37721,69.43337,90,2.74,40.6,0.8,32.5
41.35658,69.35368,303,0.66,38.6,0.8,30.9
41.39960,69.36546,2924,0.00,37.9,0.8,30.3
41.41602,69.42606,4100,0.00,37.9,0.5,19.0
41.39871,69.33697,1928,0.00,37.9,0.8,30.3
41.41949,69.36660,1460,0.00,37.9,0.8,30.3
41.28737,69.42734,1782,0.00,37.9,0.8,30.3
41.22157,69.21670,478,0.21,38.1,0.8,30.5
41.37929,69.30494,546,0.13,38.0,0.8,30.4
41.35143,69.22481,175,1.56,39.5,0.8,31.6
41.35651,69.37348,223,1.13,39.0,0.8,31.2
41.26589,69.23059,78,2.97,40.9,0.8,32.7
41.32648,69.31822,247,0.96,38.9,0.65,25.3
41.34324,69.23270,199,1.33,39.2,0.65,25.5
41.29911,69.25540,471,0.22,38.1,0.65,24.8
41.26455,69.15287,453,0.24,38.1,0.65,24.8
41.27318,69.19522,621,0.08,38.0,0.65,24.7
41.36491,69.26260,1144,0.00,37.9,0.8,30.3
41.29303,69.18695,437,0.27,38.2,0.8,30.5
41.26675,69.23750,55,3.47,41.4,0.8,33.1
41.36551,69.19143,526,0.15,38.0,0.8,30.4
41.26164,69.15788,590,0.10,38.0,0.65,24.7
41.33505,69.36696,742,0.04,37.9,0.8,30.3
41.22248,69.21675,431,0.28,38.2,0.65,24.8
41.31726,69.31400,66,3.22,41.1,0.65,26.7
41.26650,69.31740,220,1.15,39.1,0.8,31.2
41.31997,69.22897,144,1.91,39.8,0.5,19.9
41.34272,69.38883,1007,0.01,37.9,0.8,30.3
41.22098,69.21750,446,0.26,38.2,0.65,24.8
41.25178,69.20195,274,0.80,38.7,0.8,31.0
41.28200,69.13842,773,0.03,37.9,0.8,30.3
41.30424,69.28791,79,2.95,40.9,0.8,32.7
41.29936,69.26529,196,1.35,39.3,0.8,31.4
41.27562,69.28940,1295,0.00,37.9,0.8,30.3
41.29346,69.27365,192,1.39,39.3,0.5,19.6
41.30808,69.29334,78,2.97,40.9,0.65,26.6
41.29195,69.26264,50,3.58,41.5,0.8,33.2
41.27700,69.17715,1277,0.00,37.9,0.8,30.3
41.29597,69.28345,60,3.35,41.3,0.8,33.0
41.32960,69.32436,350,0.48,38.4,0.8,30.7
41.29269,69.29936,63,3.29,41.2,0.5,20.6
41.29020,69.31857,1313,0.00,37.9,0.8,30.3
41.37698,69.31591,405,0.34,38.2,0.8,30.6
41.35749,69.28978,62,3.31,41.2,0.8,33.0
41.33036,69.27860,388,0.38,38.3,0.8,30.6
41.31100,69.29289,268,0.84,38.7,0.8,31.0
41.28705,69.16756,1102,0.00,37.9,0.65,24.6
41.31990,69.27691,216,1.18,39.1,0.65,25.4
41.35538,69.19116,620,0.08,38.0,0.5,19.0
41.35811,69.18423,768,0.03,37.9,0.65,24.7
41.28238,69.23681,91,2.73,40.6,0.8,32.5
41.28532,69.22110,326,0.57,38.5,0.65,25.0
41.32940,69.33687,465,0.23,38.1,0.5,19.1
41.19061,69.21089,1042,0.00,37.9,0.65,24.6
41.25955,69.25643,59,3.37,41.3,0.5,20.6
