city,lat,lon,child_u20
Tashkent,41.31543,69.39042,185.0
Tashkent,41.36062,69.43320,130.4
Tashkent,41.31376,69.10588,181.0
Tashkent,41.30335,69.11015,190.8
Tashkent,41.27944,69.11858,124.6
Tashkent,41.30747,69.13324,171.4
Tashkent,41.33078,69.15134,158.5
Tashkent,41.33561,69.11148,151.1
Tashkent,41.24706,69.15501,159.0
Tashkent,41.25291,69.15022,161.4
Tashkent,41.24325,69.14555,151.5
Tashkent,41.22255,69.10619,142.5
Tashkent,41.19278,69.15203,156.1
Tashkent,41.18660,69.15525,143.4
Tashkent,41.20244,69.16441,141.2
Tashkent,41.17372,69.15980,174.5
Tashkent,41.24308,69.14197,154.0
Tashkent,41.20808,69.18532,105.0
Tashkent,41.17923,69.13334,178.9
Tashkent,41.17025,69.12539,168.7
Tashkent,41.17244,69.20674,2587.8
Tashkent,41.20382,69.13955,115.3
Tashkent,41.21819,69.16195,141.7
Tashkent,41.17025,69.12539,168.7
Tashkent,41.33152,69.13156,129.9
Tashkent,41.20587,69.12100,147.0
Tashkent,41.22713,69.12485,147.3
Tashkent,41.19954,69.15912,143.4
Tashkent,41.28019,69.10251,162.8
Tashkent,41.30748,69.13743,172.6
Tashkent,41.37139,69.38134,212.9
Tashkent,41.38411,69.35812,218.5
Tashkent,41.36644,69.41250,206.4
Tashkent,41.39106,69.39907,178.0
Tashkent,41.37736,69.43381,175.1
Tashkent,41.40272,69.44426,215.0
Tashkent,41.34839,69.43244,141.0
Tashkent,41.36015,69.34483,229.5
Tashkent,41.41582,69.42646,185.2
Tashkent,41.39937,69.36553,225.8
Tashkent,41.35648,69.35407,222.3
Tashkent,41.38565,69.41374,162.6
Tashkent,41.39301,69.35281,231.6
Tashkent,41.40700,69.30804,218.5
Tashkent,41.29824,69.39204,220.2
Tashkent,41.39896,69.33699,222.0
Tashkent,41.38565,69.41374,162.6
Tashkent,41.40888,69.39683,154.0
Tashkent,41.41606,69.36281,144.6
Tashkent,41.15442,69.24867,3347.7
Tashkent,41.18630,69.44025,96.3
Tashkent,41.17244,69.41116,82.6
Tashkent,41.23683,69.37180,215.1
Tashkent,41.41949,69.26739,194.3
Tashkent,41.40631,69.21912,200.8
Tashkent,41.40036,69.19476,204.6
Tashkent,41.40564,69.26703,197.7
Tashkent,41.40133,69.28438,201.9
Tashkent,41.38500,69.32184,219.5
Tashkent,41.41646,69.31069,230.6
Tashkent,41.36935,69.16686,170.3
Tashkent,41.37802,69.24239,201.8
Tashkent,41.40848,69.19148,213.4
Tashkent,41.41380,69.19481,221.2
Tashkent,41.39619,69.20457,183.6
Tashkent,41.22752,69.40245,147.3
Tashkent,41.27806,69.44678,161.9
Tashkent,41.25578,69.42922,198.3
Tashkent,41.22441,69.40576,156.5
Tashkent,41.32355,69.44538,168.4
Tashkent,41.18542,69.44025,159.8
Tashkent,41.18395,69.35546,94.5
Tashkent,41.15785,69.35546,98.5
Tashkent,41.22998,69.37519,213.9
Tashkent,41.18679,69.42786,99.4
Tashkent,41.18179,69.11048,132.0
Tashkent,41.18144,69.22784,4237.8
Tashkent,41.20746,69.10676,168.1
Tashkent,41.19046,69.12672,179.7
Tashkent,41.15924,69.11429,163.8
Tashkent,41.16106,69.10834,133.7
Tashkent,41.16231,69.18798,2304.9
Tashkent,41.23364,69.33899,238.1
Tashkent,41.23387,69.35070,222.2
Tashkent,41.25324,69.22359,179.5
Tashkent,41.25324,69.37663,228.7
Tashkent,41.25050,69.30492,192.6
Tashkent,41.27725,69.29022,168.6
Tashkent,41.28464,69.28976,174.0
Tashkent,41.28215,69.27280,179.3
Tashkent,41.29577,69.28089,184.7
Tashkent,41.30436,69.27139,190.0
Tashkent,41.24681,69.30321,192.6
Tashkent,41.27385,69.27565,172.9
Tashkent,41.26863,69.29851,165.6
Tashkent,41.27460,69.29539,175.3
Tashkent,41.27571,69.28693,168.6
Tashkent,41.24302,69.32452,204.6
Tashkent,41.25726,69.31535,191.0
Tashkent,41.24662,69.31452,191.0
Tashkent,41.25054,69.30908,192.6
Tashkent,41.28182,69.28987,174.0
Tashkent,41.29335,69.27121,182.9
Tashkent,41.29693,69.27769,184.7
Tashkent,41.23654,69.23541,156.4
Tashkent,41.31732,69.29862,185.7
Tashkent,41.34158,69.33356,246.8
Tashkent,41.35980,69.38953,247.1
Tashkent,41.34838,69.35171,226.5
Tashkent,41.31375,69.28288,192.8
Tashkent,41.31109,69.29276,182.1
Tashkent,41.32342,69.31796,212.5
Tashkent,41.32021,69.34735,238.0
Tashkent,41.33121,69.37259,217.2
Tashkent,41.32563,69.30299,184.0
Tashkent,41.31795,69.32198,231.5
Tashkent,41.34920,69.34312,232.8
Tashkent,41.34646,69.36613,233.7
Tashkent,41.33532,69.36037,233.5
Tashkent,41.33685,69.37317,216.6
Tashkent,41.35946,69.39224,247.1
Tashkent,41.35461,69.38813,247.1
Tashkent,41.32194,69.35527,228.1
Tashkent,41.35846,69.36216,245.4
Tashkent,41.33105,69.32755,240.4
Tashkent,41.35476,69.38329,261.3
Tashkent,41.34840,69.38626,229.4
Tashkent,41.34226,69.38874,198.1
Tashkent,41.33707,69.37404,216.6
Tashkent,41.33567,69.35325,233.5
Tashkent,41.34361,69.36194,225.1
Tashkent,41.33957,69.23244,183.3
Tashkent,41.36863,69.20132,186.4
Tashkent,41.37272,69.23817,182.3
Tashkent,41.33585,69.24762,189.7
Tashkent,41.33592,69.23344,191.3
Tashkent,41.27407,69.22173,190.4
Tashkent,41.35826,69.18383,179.3
Tashkent,41.33616,69.21860,169.8
Tashkent,41.33923,69.22323,175.7
Tashkent,41.34176,69.24999,191.2
Tashkent,41.35479,69.23793,182.2
Tashkent,41.36854,69.19868,186.4
Tashkent,41.33699,69.24917,191.2
Tashkent,41.34642,69.24525,189.2
Tashkent,41.36396,69.23158,177.3
Tashkent,41.35280,69.23260,182.4
Tashkent,41.35977,69.22121,173.1
Tashkent,41.35994,69.22003,173.1
Tashkent,41.36985,69.21877,187.6
Tashkent,41.34493,69.22287,172.7
Tashkent,41.35767,69.23353,178.8
Tashkent,41.36970,69.20869,190.4
Tashkent,41.37009,69.21076,190.4
Tashkent,41.34291,69.20760,158.8
Tashkent,41.35556,69.19138,174.0
Tashkent,41.35289,69.18481,179.3
Tashkent,41.36547,69.19156,186.8
Tashkent,41.33226,69.22387,185.2
Tashkent,41.38461,69.21991,205.4
Tashkent,41.35573,69.21844,175.1
Tashkent,41.34310,69.25071,191.2
Tashkent,41.36398,69.19308,186.8
Tashkent,41.36318,69.19750,186.4
Tashkent,41.34464,69.21716,169.1
Tashkent,41.33536,69.24840,189.7
Tashkent,41.22234,69.21693,166.7
Tashkent,41.21752,69.26434,3722.1
Tashkent,41.21009,69.22444,4346.4
Tashkent,41.21282,69.23337,2974.0
Tashkent,41.21885,69.21581,177.0
Tashkent,41.22657,69.21137,166.7
Tashkent,41.22867,69.20947,160.7
Tashkent,41.21146,69.23195,2974.0
Tashkent,41.23195,69.20138,167.9
Tashkent,41.21695,69.24140,3818.2
Tashkent,41.25957,69.25684,163.3
Tashkent,41.20095,69.25057,4213.0
Tashkent,41.24760,69.29112,166.3
Tashkent,41.24733,69.22485,179.5
Tashkent,41.24724,69.28484,154.2
Tashkent,41.24663,69.25727,163.3
Tashkent,41.24759,69.28818,166.3
Tashkent,41.22100,69.21744,166.7
Tashkent,41.20770,69.22488,4346.4
Tashkent,41.22189,69.21418,166.7
Tashkent,41.21762,69.21864,177.0
Tashkent,41.21112,69.19886,138.4
Tashkent,41.31593,69.18068,171.2
Tashkent,41.29142,69.15828,189.1
Tashkent,41.31516,69.17394,164.0
Tashkent,41.28657,69.17678,175.9
Tashkent,41.29360,69.18921,176.0
Tashkent,41.27943,69.18681,180.4
Tashkent,41.32106,69.17344,164.2
Tashkent,41.28341,69.17059,165.3
Tashkent,41.30680,69.18690,188.6
Tashkent,41.32325,69.18023,166.4
Tashkent,41.27673,69.17396,168.3
Tashkent,41.32483,69.16861,164.9
Tashkent,41.31534,69.16044,169.3
Tashkent,41.30442,69.15536,176.6
Tashkent,41.30785,69.16782,172.5
Tashkent,41.29855,69.16454,187.8
Tashkent,41.28219,69.16393,179.6
Tashkent,41.29720,69.15958,188.3
Tashkent,41.26898,69.15552,165.5
Tashkent,41.29559,69.18079,180.6
Tashkent,41.28922,69.17671,175.9
Tashkent,41.32218,69.16142,164.9
Tashkent,41.29259,69.17033,175.9
Tashkent,41.31755,69.16470,159.2
Tashkent,41.27239,69.14115,168.6
Tashkent,41.28003,69.18547,166.8
Tashkent,41.27779,69.16294,169.2
Tashkent,41.26540,69.15001,166.8
Tashkent,41.26845,69.15556,165.5
Tashkent,41.28190,69.13887,183.8
Tashkent,41.29130,69.14477,187.7
Tashkent,41.29638,69.12489,161.6
Tashkent,41.29465,69.21288,185.5
Tashkent,41.31005,69.24446,188.2
Tashkent,41.26818,69.18397,178.4
Tashkent,41.28286,69.22678,193.2
Tashkent,41.26609,69.19431,183.3
Tashkent,41.26001,69.15461,159.0
Tashkent,41.29915,69.22779,182.4
Tashkent,41.26754,69.20412,186.7
Tashkent,41.27618,69.21792,192.6
Tashkent,41.28531,69.22226,193.2
Tashkent,41.27848,69.22266,193.2
Tashkent,41.27470,69.20030,185.3
Tashkent,41.28697,69.22492,185.6
Tashkent,41.29320,69.22060,185.6
Tashkent,41.28812,69.21303,189.1
Tashkent,41.29540,69.20783,186.0
Tashkent,41.28865,69.21332,189.1
Tashkent,41.29181,69.20400,189.0
Tashkent,41.28490,69.20160,182.8
Tashkent,41.26405,69.21191,188.9
Tashkent,41.27470,69.20030,185.3
Tashkent,41.28342,69.19629,182.8
Tashkent,41.26312,69.18327,178.4
Tashkent,41.25146,69.20218,182.7
Tashkent,41.26294,69.18343,178.4
Tashkent,41.26814,69.17485,164.4
Tashkent,41.26167,69.21175,188.9
Tashkent,41.23821,69.17231,167.1
Tashkent,41.26133,69.15739,165.5
Tashkent,41.26632,69.16323,165.3
Tashkent,41.25944,69.20327,183.8
Tashkent,41.28596,69.22888,190.7
Tashkent,41.31621,69.19792,184.3
Tashkent,41.30940,69.22079,184.4
Tashkent,41.32703,69.25780,186.9
Tashkent,41.33939,69.26367,187.0
Tashkent,41.30874,69.23511,169.8
Tashkent,41.33527,69.19916,158.4
Tashkent,41.32349,69.20692,181.8
Tashkent,41.32663,69.22608,195.4
Tashkent,41.32614,69.24365,184.7
Tashkent,41.31347,69.23246,185.0
Tashkent,41.32283,69.24758,190.5
Tashkent,41.32009,69.22903,193.3
Tashkent,41.30841,69.23611,169.6
Tashkent,41.31318,69.22776,185.0
Tashkent,41.33358,69.20504,167.2
Tashkent,41.32967,69.22068,185.2
Tashkent,41.33055,69.20296,167.2
Tashkent,41.32633,69.26081,186.9
Tashkent,41.33133,69.21413,178.8
Tashkent,41.31256,69.19818,184.3
Tashkent,41.31565,69.20885,195.7
Tashkent,41.30549,69.21184,189.9
Tashkent,41.31646,69.20692,195.7
Tashkent,41.34175,69.20042,157.0
Tashkent,41.30315,69.20710,186.4
Tashkent,41.31376,69.20330,195.7
Tashkent,41.32648,69.19909,175.6
Tashkent,41.30290,69.21689,189.9
Tashkent,41.33317,69.16836,171.9
Tashkent,41.33796,69.17050,172.3
Tashkent,41.33953,69.17911,165.7
Tashkent,41.34575,69.17551,166.7
Tashkent,41.34261,69.16906,178.2
Tashkent,41.33977,69.18095,165.7
Tashkent,41.31782,69.23437,185.0
Tashkent,41.32359,69.25658,186.9
Tashkent,41.31988,69.27702,186.5
Tashkent,41.33020,69.27841,185.8
Tashkent,41.36960,69.29950,236.0
Tashkent,41.31843,69.28861,187.6
Tashkent,41.32581,69.28802,187.7
Tashkent,41.32925,69.28806,188.2
Tashkent,41.35910,69.28360,205.1
Tashkent,41.35488,69.30171,225.1
Tashkent,41.35240,69.28613,190.4
Tashkent,41.33588,69.28568,185.8
Tashkent,41.38084,69.27350,233.6
Tashkent,41.32478,69.27888,189.1
Tashkent,41.37023,69.26850,230.3
Tashkent,41.34842,69.27417,189.5
Tashkent,41.37919,69.30496,228.9
Tashkent,41.35360,69.33504,253.2
Tashkent,41.34350,69.30107,192.5
Tashkent,41.35197,69.29836,198.3
Tashkent,41.36596,69.31092,228.3
Tashkent,41.34933,69.26646,192.9
Tashkent,41.36520,69.27638,228.5
Tashkent,41.37060,69.28365,242.6
Tashkent,41.36971,69.28965,236.0
Tashkent,41.36734,69.29771,233.7
Tashkent,41.37813,69.30197,229.2
Tashkent,41.37025,69.30641,234.3
Tashkent,41.37563,69.31612,243.9
Tashkent,41.37472,69.31513,243.9
Tashkent,41.37724,69.27737,247.7
Tashkent,41.37249,69.28061,242.6
Tashkent,41.37917,69.28472,235.7
Tashkent,41.37585,69.28659,236.0
Tashkent,41.35753,69.28954,214.7
Tashkent,41.37927,69.30388,228.9
Tashkent,41.36698,69.32400,240.4
Tashkent,41.36930,69.31889,228.3
Tashkent,41.36393,69.27881,241.1
Tashkent,41.39154,69.25281,206.9
Tashkent,41.37762,69.26291,230.3
Tashkent,41.35735,69.32651,237.0
Tashkent,41.35839,69.28294,205.1
Tashkent,41.26950,69.23470,197.1
Tashkent,41.27404,69.26331,174.8
Tashkent,41.29398,69.24942,192.8
Tashkent,41.28536,69.25140,188.6
Tashkent,41.29909,69.25785,188.7
Tashkent,41.27357,69.22997,197.1
Tashkent,41.28815,69.26018,183.4
Tashkent,41.26870,69.25004,178.1
Tashkent,41.28917,69.24714,192.8
Tashkent,41.28199,69.23656,194.2
Tashkent,41.29173,69.26227,187.9
Tashkent,41.26164,69.22652,195.0
Tashkent,41.26706,69.23752,182.5
Tashkent,41.27451,69.26303,174.8
Tashkent,41.26931,69.23461,177.1
Tashkent,41.28205,69.36739,198.9
Tashkent,41.28985,69.31865,184.2
Tashkent,41.28609,69.35582,206.3
Tashkent,41.27531,69.34497,228.5
Tashkent,41.31738,69.31401,211.3
Tashkent,41.30391,69.28758,182.1
Tashkent,41.28256,69.34405,220.6
Tashkent,41.28110,69.34694,223.5
Tashkent,41.29857,69.35950,243.2
Tashkent,41.29195,69.32972,234.6
Tashkent,41.28670,69.32642,228.4
Tashkent,41.26689,69.31699,191.0
Tashkent,41.30104,69.30957,171.6
Tashkent,41.29435,69.34177,232.3
Tashkent,41.26915,69.31792,191.0
Tashkent,41.27169,69.34988,228.5
Tashkent,41.29465,69.34472,235.0
Tashkent,41.25313,69.34005,243.1
Tashkent,41.25365,69.34691,234.1
Tashkent,41.24528,69.33151,216.1
Tashkent,41.25940,69.32063,178.9
Tashkent,41.28588,69.34251,220.6
Tashkent,41.27610,69.35425,230.1
Tashkent,41.26600,69.35503,240.5
Tashkent,41.27695,69.31262,182.5
Tashkent,41.29388,69.34653,228.4
Tashkent,41.29208,69.36278,212.8
Tashkent,41.29351,69.36622,212.8
Tashkent,41.31027,69.32339,214.9
Tashkent,41.27912,69.30875,174.8
Tashkent,41.28579,69.33997,220.6
Tashkent,41.31629,69.31391,211.3
Tashkent,41.19984,69.22257,4531.8
Tashkent,41.19818,69.21815,4454.6
Tashkent,41.20737,69.21608,2178.4
Tashkent,41.23559,69.19081,171.5
Tashkent,41.19825,69.20991,3297.1
Tashkent,41.17738,69.24700,4581.7
Tashkent,41.22406,69.18334,164.8
Tashkent,41.19529,69.21150,4454.6
Tashkent,41.22270,69.20354,169.2
Tashkent,41.22395,69.20345,169.2
Tashkent,41.21125,69.19900,139.2
Tashkent,41.17358,69.29476,3673.4
Tashkent,41.18734,69.27654,3618.9
Tashkent,41.15641,69.42873,105.2
Tashkent,41.16871,69.21909,3680.3
Tashkent,41.18675,69.31679,3402.1
Tashkent,41.15751,69.27200,3624.3
Tashkent,41.18819,69.32885,3840.7
Tashkent,41.15820,69.34561,108.0
Tashkent,41.15480,69.38577,107.0
Tashkent,41.15963,69.34049,871.5
Tashkent,41.21620,69.30413,5280.4
Tashkent,41.22027,69.33360,241.4
Tashkent,41.21623,69.32390,5905.3
Tashkent,41.21369,69.34027,1725.5
Tashkent,41.35788,69.36870,245.4
Tashkent,41.34814,69.38723,229.4
Tashkent,41.32732,69.34510,238.0
Tashkent,41.31800,69.35344,194.0
Tashkent,41.32340,69.36110,219.4
Tashkent,41.24688,69.29849,181.4
Tashkent,41.28098,69.37031,206.8
Tashkent,41.21272,69.19516,139.2
Tashkent,41.18543,69.44025,159.8
Tashkent,41.34874,69.34041,232.8
Tashkent,41.23254,69.35786,202.6
Tashkent,41.23706,69.37226,215.1
Tashkent,41.33304,69.40699,207.7
Tashkent,41.22902,69.28047,154.0
Tashkent,41.23953,69.25469,160.4
Tashkent,41.33951,69.22337,175.7
Tashkent,41.33320,69.30405,197.1
Tashkent,41.38716,69.26016,206.9
Tashkent,41.32983,69.23000,191.3
Tashkent,41.21877,69.18939,139.4
Tashkent,41.28968,69.39062,187.4
Tashkent,41.32914,69.33672,243.2
Tashkent,41.22496,69.29034,4012.3
Tashkent,41.33619,69.42859,155.9
Tashkent,41.28028,69.18673,180.4
Tashkent,41.23602,69.23021,155.6
Tashkent,41.24120,69.36622,217.6
Tashkent,41.37288,69.35213,221.8
Tashkent,41.35772,69.36336,245.4
Tashkent,41.21695,69.24616,3550.4
Tashkent,41.35082,69.31690,175.7
Tashkent,41.30383,69.40282,166.3
Tashkent,41.29953,69.13213,174.2
Almaty,43.25484,76.96426,1453.2
Almaty,43.22892,76.91748,1351.4
Almaty,43.33390,76.94083,1252.8
Almaty,43.24197,76.76138,189.1
Almaty,43.21276,76.76223,154.3
Almaty,43.25962,76.77337,164.1
Almaty,43.17883,76.76869,152.6
Almaty,43.33729,76.88223,833.2
Almaty,43.18563,76.78218,166.5
Almaty,43.20098,76.76385,138.4
Almaty,43.21809,76.75224,154.4
Almaty,43.17586,76.76387,152.6
Almaty,43.29718,77.02599,112.5
Almaty,43.34823,76.84196,173.1
Almaty,43.29925,77.04832,104.3
Almaty,43.30519,77.04330,123.1
Almaty,43.25501,76.75604,142.5
Almaty,43.30814,76.92288,1188.1
Almaty,43.33483,76.94857,1246.0
Almaty,43.23201,76.94684,1228.2
Almaty,43.20619,76.87961,1359.8
Almaty,43.30083,76.93426,1165.9
Almaty,43.20436,76.89570,1453.1
Almaty,43.22756,76.89761,1406.8
Almaty,43.29568,76.93878,1237.8
Almaty,43.26861,76.96461,1388.0
Almaty,43.33978,76.96588,1090.3
Almaty,43.23419,76.89430,1306.3
Almaty,43.34437,76.98846,1300.4
Almaty,43.19810,76.87673,1187.2
Almaty,43.32201,76.95061,1189.1
Almaty,43.25430,76.95162,1382.5
Almaty,43.26044,76.88582,1153.9
Almaty,43.31661,76.93776,1241.5
Almaty,43.19928,76.79266,152.6
Almaty,43.23991,76.91190,1334.7
Almaty,43.19917,76.87628,1187.2
Almaty,43.26243,76.95951,1392.2
Almaty,43.29729,76.85120,1207.8
Almaty,43.23310,76.91979,1295.4
Almaty,43.20287,76.90199,1453.1
Almaty,43.25608,76.94689,1382.5
Almaty,43.33624,76.94388,1252.8
Almaty,43.26846,76.86362,1136.5
Almaty,43.21723,76.88660,1446.6
Almaty,43.20046,76.88256,1359.8
Almaty,43.25401,76.96737,1453.2
Almaty,43.34993,76.99081,1300.4
Almaty,43.23160,76.92437,1295.4
Almaty,43.22586,76.96361,1333.1
Almaty,43.33566,76.94669,1246.0
Almaty,43.23537,76.87965,1377.4
Almaty,43.25139,76.84759,266.0
Almaty,43.21684,76.88903,1446.6
Almaty,43.24845,76.93751,1325.3
Almaty,43.25626,76.85165,266.0
Almaty,43.35000,76.95599,334.2
Almaty,43.25547,76.95945,1411.4
Almaty,43.19934,76.87804,1301.9
Almaty,43.23505,76.88640,1367.0
Almaty,43.25381,76.87461,1309.9
Almaty,43.20197,76.89813,1453.1
Almaty,43.24817,76.93037,1328.5
Almaty,43.24826,76.95557,1472.8
Almaty,43.34132,76.98936,1221.8
Almaty,43.21579,76.89677,1386.5
Almaty,43.27420,76.83680,1171.8
Almaty,43.19767,76.88416,1301.9
Almaty,43.25390,76.93914,1300.4
Almaty,43.19191,76.96725,1147.7
Almaty,43.26073,76.87894,1258.3
Almaty,43.22146,76.96376,1339.4
Almaty,43.28455,76.88716,1270.3
Almaty,43.20858,76.97249,1262.2
Almaty,43.19948,76.79384,152.6
Almaty,43.22859,76.90770,1298.9
Almaty,43.22768,76.84087,262.5
Almaty,43.26679,76.94569,1271.3
Almaty,43.27022,76.95116,1271.3
Almaty,43.22051,76.87579,1410.8
Almaty,43.27236,76.98212,1457.6
Almaty,43.19384,76.90633,1352.5
Almaty,43.34573,76.95924,334.2
Almaty,43.21056,76.87479,1308.8
Almaty,43.22989,76.86243,1411.1
Almaty,43.26835,76.98528,1457.6
Almaty,43.28844,76.88309,1156.6
Almaty,43.21881,76.94962,1200.3
Almaty,43.31205,76.95591,1192.9
Almaty,43.25002,76.85811,1049.4
Almaty,43.22139,76.89369,1446.6
Almaty,43.31418,76.96604,1212.9
Almaty,43.23726,76.83304,250.4
Almaty,43.24764,76.94828,1399.9
Almaty,43.21511,76.87803,1390.9
Almaty,43.30149,76.95908,1311.3
Almaty,43.28876,76.97745,1355.2
Almaty,43.23110,76.91586,1351.4
Almaty,43.30005,76.86962,1142.9
Almaty,43.22999,76.83858,262.5
Almaty,43.33617,76.97711,1196.7
Almaty,43.27757,76.98700,1338.5
Almaty,43.22078,76.95387,1255.7
Almaty,43.32534,76.96810,1141.5
Almaty,43.22045,76.85875,1261.2
Almaty,43.19904,76.90828,1352.5
Almaty,43.24096,76.83064,250.4
Almaty,43.21508,76.88725,1407.3
Almaty,43.25109,76.83496,249.3
Almaty,43.25402,76.97967,1419.7
Almaty,43.23125,76.85033,817.0
Almaty,43.24952,76.90919,1272.0
Almaty,43.20913,76.87997,1390.9
Almaty,43.27202,76.84500,1146.7
Almaty,43.34397,77.00642,1313.2
Almaty,43.20167,76.84186,1362.8
Almaty,43.26243,76.94504,1278.4
Almaty,43.23364,76.85745,1394.6
Almaty,43.22429,76.84074,481.8
Almaty,43.32011,76.91302,1082.8
Almaty,43.32340,76.88541,1073.8
Almaty,43.31856,76.93478,1228.3
Almaty,43.28390,77.00195,129.5
Almaty,43.32686,76.91885,1011.1
Almaty,43.22832,76.85095,817.0
Almaty,43.24982,76.90303,1272.0
Almaty,43.22141,76.83640,481.8
Almaty,43.21188,76.84650,1349.2
Almaty,43.31882,76.91106,1082.8
Almaty,43.34322,76.93336,897.3
Almaty,43.22113,76.83622,481.8
Almaty,43.25560,76.88109,1307.0
Almaty,43.22189,76.85966,1261.2
Almaty,43.27447,76.95474,1365.5
Almaty,43.26936,76.94071,1256.8
Almaty,43.33661,76.91359,1114.2
Almaty,43.19959,76.85458,1261.0
Almaty,43.18661,76.82971,234.5
Almaty,43.25639,76.87872,1307.0
Almaty,43.25669,76.87894,1307.0
Almaty,43.34711,77.02071,990.9
Almaty,43.22543,76.86862,1411.1
Almaty,43.33637,76.91154,1114.2
Almaty,43.20420,76.82486,233.5
Almaty,43.23605,76.98015,1281.2
Almaty,43.30440,76.90028,1160.6
Almaty,43.25668,76.92063,1280.0
Almaty,43.21706,76.86987,1410.8
Almaty,43.25943,76.87214,1276.6
Almaty,43.22217,76.84401,1289.8
Almaty,43.22521,77.04563,13.8
Almaty,43.23501,76.82169,238.8
Almaty,43.32030,76.97931,1106.2
Almaty,43.32644,76.93130,1248.2
Almaty,43.21364,76.86134,1233.4
Almaty,43.25370,76.87029,1309.9
Almaty,43.29689,76.86177,1152.6
Almaty,43.22712,76.86854,1411.1
Almaty,43.27314,76.96206,1388.0
Almaty,43.24882,76.92197,1312.5
Almaty,43.34108,76.81161,137.1
Almaty,43.24359,76.93864,1325.3
Almaty,43.23216,76.86264,1411.1
Almaty,43.24999,76.81450,217.7
Almaty,43.23459,76.83601,239.3
Almaty,43.29038,76.95276,1322.3
Almaty,43.25935,76.93104,1295.4
Almaty,43.21008,76.78177,156.9
Almaty,43.24963,76.90427,1272.0
Almaty,43.27239,76.92870,1286.5
Almaty,43.22151,76.86304,1313.3
Almaty,43.29248,76.96592,1259.6
Almaty,43.22630,76.85179,817.0
Almaty,43.24537,76.90015,1226.5
Almaty,43.25917,76.92072,1286.5
Almaty,43.17646,76.90491,1257.1
Almaty,43.29192,76.94180,1237.8
Almaty,43.28898,76.93245,1286.8
Almaty,43.22988,76.91296,1351.4
Almaty,43.28227,76.97528,1401.0
Almaty,43.23408,76.82777,250.4
Almaty,43.24186,76.90028,1226.5
Almaty,43.24647,76.89170,1245.7
Almaty,43.19011,76.92429,1195.1
Almaty,43.23094,76.95680,1287.9
Almaty,43.28439,76.94105,1311.4
Almaty,43.23518,76.89399,1306.3
Almaty,43.24360,76.90101,1226.5
Almaty,43.26662,76.89334,1153.9
Almaty,43.24975,76.95368,1472.8
Almaty,43.25812,76.91512,1247.6
Almaty,43.26699,76.89792,1236.8
Almaty,43.23860,76.93923,1310.3
Almaty,43.32546,76.91856,1011.1
Almaty,43.16621,76.84907,159.0
Almaty,43.25493,76.91225,1247.6
Almaty,43.29382,76.91586,1298.0
Almaty,43.24660,76.79211,188.4
Almaty,43.24232,76.88831,1245.7
Almaty,43.25064,76.87803,1307.0
Almaty,43.18596,76.82835,234.5
Almaty,43.21929,76.80206,204.1
Almaty,43.28046,76.82411,250.5
Almaty,43.24331,76.88020,1312.1
Almaty,43.19154,76.80173,236.6
Almaty,43.24868,76.89695,1226.5
Almaty,43.17632,76.86852,1237.1
Almaty,43.31211,76.84090,182.4
Almaty,43.24302,76.81704,217.7
Almaty,43.24722,76.80114,208.3
Almaty,43.23160,76.93108,1242.5
Almaty,43.33859,76.89890,978.3
Almaty,43.25720,76.81580,198.7
Almaty,43.32804,77.02331,897.3
Almaty,43.21319,76.84723,1349.2
Almaty,43.20452,76.82132,233.5
Almaty,43.31033,76.83934,182.4
Almaty,43.34033,76.91316,1114.2
Almaty,43.25114,76.80824,208.6
Almaty,43.21220,76.82739,278.4
Almaty,43.21637,76.77583,166.2
Almaty,43.31037,76.87489,1121.2
Astana,51.00448,71.37251,242.6
Astana,51.12474,71.21573,148.8
Astana,51.24743,71.25399,60.1
Astana,51.28607,71.64505,122.5
Astana,51.11828,71.21286,137.9
Astana,51.21344,71.63009,87.3
Astana,51.05194,71.56685,195.2
Astana,51.08060,71.23333,125.0
Astana,51.19078,71.40231,304.6
Astana,51.18723,71.41830,305.2
Astana,51.17080,71.41724,309.2
Astana,51.10036,71.40981,254.1
Astana,51.16324,71.41611,301.2
Astana,51.17074,71.41587,309.2
Astana,51.13438,71.36982,269.5
Astana,51.17081,71.42495,307.3
Astana,51.17451,71.42947,307.3
Astana,51.15870,71.45422,320.5
Astana,51.17759,71.42042,309.2
Astana,51.17859,71.42730,287.6
Astana,51.20452,71.39767,302.1
Astana,51.10863,71.68574,198.5
Astana,51.18333,71.41870,291.4
Astana,51.14927,71.46143,320.1
Astana,51.11285,71.64471,229.8
Astana,51.19830,71.42453,296.1
Astana,51.14288,71.41517,298.8
Astana,51.14750,71.52551,242.1
Astana,51.13364,71.46390,310.6
Astana,51.15342,71.47122,317.9
Astana,51.16590,71.40959,309.9
Astana,51.11407,71.47593,305.5
Astana,51.14714,71.57901,274.2
Astana,51.12658,71.59518,286.3
Astana,51.17616,71.39967,310.2
Astana,51.20782,71.40089,302.1
Astana,51.04233,71.42863,281.9
Astana,51.14067,71.37209,224.2
Astana,51.12848,71.25461,176.8
Astana,51.15731,71.50346,292.9
Astana,51.17442,71.44823,286.9
Astana,51.14983,71.46643,317.5
Astana,51.10666,71.44131,296.7
Astana,51.14313,71.48145,294.9
Astana,51.14053,71.37189,224.2
Astana,51.14532,71.46636,317.5
Astana,51.20098,71.36496,276.4
Astana,51.17236,71.38546,281.9
Astana,51.19167,71.41270,309.9
Astana,51.14274,71.38513,290.1
Astana,51.16698,71.43245,311.4
Astana,51.15303,71.47531,317.9
Astana,51.19968,71.45423,253.1
Astana,51.15017,71.51772,242.4
Astana,51.16977,71.37930,272.7
Astana,51.19178,71.37954,300.6
Astana,51.13169,71.43472,317.8
Astana,51.19839,71.38860,303.9
Astana,51.11585,71.43755,306.5
Astana,51.09973,71.41463,267.6
Astana,51.12336,71.51985,295.8
Astana,51.15803,71.48476,306.4
Astana,51.18588,71.37747,300.8
Astana,51.19763,71.33694,271.2
Astana,51.13742,71.47652,296.9
Astana,51.15617,71.49332,294.9
Astana,51.15519,71.44155,315.3
Astana,51.16739,71.40478,309.9
Astana,51.12332,71.48328,280.8
Astana,51.12159,71.49506,288.1
Astana,51.16715,71.44510,309.2
Astana,51.11038,71.43501,306.5
Astana,51.18130,71.40218,311.5
Astana,51.12108,71.41693,291.8
Astana,51.16154,71.43896,309.2
Astana,51.19590,71.39892,304.7
Astana,51.15192,71.50357,271.9
Astana,51.12947,71.36517,269.5
Astana,51.19909,71.42656,296.1
Astana,51.09631,71.44012,299.9
Astana,51.15967,71.43124,320.2
Astana,51.17818,71.40770,299.1
Astana,51.17093,71.40177,310.2
Astana,51.18112,71.47205,307.6
Astana,51.11190,71.42863,282.9
Astana,51.18664,71.34469,272.2
Astana,51.19905,71.38207,301.8
Astana,51.16595,71.45646,319.1
Astana,51.18078,71.47192,307.6
Astana,51.16778,71.38470,288.6
Astana,51.17890,71.33917,290.5
Astana,51.16119,71.40697,309.9
Astana,51.12517,71.50307,287.7
Astana,51.12164,71.51968,295.8
Astana,51.12067,71.50700,291.7
Astana,51.16342,71.45582,319.1
Astana,51.07301,71.43717,222.8
Astana,51.12123,71.41708,291.8
Astana,51.14651,71.38377,284.7
Astana,51.26849,71.66224,55.4
Astana,51.16464,71.40249,303.8
Astana,51.13139,71.46230,311.6
Astana,51.11361,71.45932,305.3
Astana,51.11591,71.48959,317.3
Astana,51.19157,71.38040,300.6
Bishkek,42.92049,74.61681,80.0
Bishkek,42.83004,74.61588,819.4
Bishkek,42.81841,74.63083,111.4
Bishkek,42.91579,74.56968,83.5
Bishkek,42.93656,74.60596,123.5
Bishkek,42.93650,74.62521,90.0
Bishkek,42.92830,74.63204,87.5
Bishkek,42.88477,74.56292,4339.9
Bishkek,42.86338,74.47808,77.8
Bishkek,42.93750,74.58949,60.9
Bishkek,42.80383,74.55383,33.4
Bishkek,42.90655,74.61031,129.9
Bishkek,42.92367,74.59135,82.1
Bishkek,42.84131,74.51896,104.5
Bishkek,42.85285,74.50471,106.2
Bishkek,42.84883,74.58961,3766.3
Bishkek,42.88187,74.52615,86.7
Bishkek,42.84678,74.59586,3465.2
Bishkek,42.90778,74.63789,76.7
Bishkek,42.91742,74.63460,39.6
Bishkek,42.80919,74.70882,49.2
Bishkek,42.80780,74.65377,72.1
Bishkek,42.88491,74.65675,134.4
Bishkek,42.88123,74.67391,111.4
Bishkek,42.90606,74.67493,52.3
Bishkek,42.94623,74.70035,89.8
Bishkek,42.92988,74.65443,37.0
Bishkek,42.92282,74.57007,61.3
Bishkek,42.92567,74.60329,143.8
Bishkek,42.92567,74.60329,143.8
Bishkek,42.90203,74.55264,118.6
Bishkek,42.93109,74.57200,43.7
Bishkek,42.86860,74.72982,80.4
Bishkek,42.87313,74.71018,73.2
Bishkek,42.80385,74.74406,34.3
Bishkek,42.94052,74.72698,54.3
Bishkek,42.94460,74.48479,80.9
Bishkek,42.78063,74.45803,28.9
Bishkek,42.87504,74.46840,62.1
Bishkek,42.87809,74.48319,92.1
Bishkek,42.79458,74.51240,41.0
Bishkek,42.83490,74.52370,75.8
Bishkek,42.87183,74.54438,2960.9
Bishkek,42.87909,74.58537,3867.3
Bishkek,42.86453,74.56328,4015.0
Bishkek,42.87057,74.57362,4927.5
Bishkek,42.80601,74.55975,76.1
Bishkek,42.85437,74.54189,1470.6
Bishkek,42.82416,74.56194,140.2
Bishkek,42.86236,74.54470,3171.3
Bishkek,42.87187,74.55787,4315.3
Bishkek,42.81063,74.54867,53.6
Bishkek,42.84113,74.56395,3415.1
Bishkek,42.83448,74.56732,1124.9
Bishkek,42.86058,74.53767,327.1
Bishkek,42.81016,74.53503,59.9
Bishkek,42.87254,74.58020,4266.5
Bishkek,42.86846,74.58319,4086.9
Bishkek,42.85812,74.57863,4344.1
Bishkek,42.87942,74.57445,4986.4
Bishkek,42.87363,74.55785,4315.3
Bishkek,42.80000,74.50000,22.0
Bishkek,42.85058,74.53944,172.8
Bishkek,42.82047,74.54927,96.1
Bishkek,42.83315,74.56543,358.9
Bishkek,42.85144,74.57970,4322.6
Bishkek,42.81067,74.58283,56.0
Bishkek,42.87355,74.60809,3710.9
Bishkek,42.87801,74.54774,2960.9
Bishkek,42.89028,74.57063,3844.5
Bishkek,42.87695,74.53751,376.0
Bishkek,42.89079,74.54856,187.9
Bishkek,42.84593,74.59847,2912.0
Bishkek,42.89489,74.59206,3914.9
Bishkek,42.87597,74.60248,3552.0
Bishkek,42.84054,74.62698,324.0
Bishkek,42.88922,74.55627,2483.8
Bishkek,42.85856,74.60676,4661.9
Bishkek,42.85514,74.60406,4661.9
Bishkek,42.85698,74.60415,4661.9
Bishkek,42.84530,74.58171,3717.0
Bishkek,42.88945,74.55662,2483.8
Bishkek,42.85562,74.61523,4915.6
Bishkek,42.90438,74.59454,3077.0
Bishkek,42.83290,74.62675,124.1
Bishkek,42.83865,74.62645,324.0
Bishkek,42.84283,74.61150,3896.0
Bishkek,42.83784,74.62312,155.9
Bishkek,42.86824,74.60463,4117.3
Bishkek,42.85603,74.65524,60.0
Bishkek,42.85192,74.68576,104.7
Bishkek,42.85549,74.61259,4915.6
Bishkek,42.84940,74.61761,3866.9
Bishkek,42.82636,74.62260,130.0
Bishkek,42.84034,74.63857,120.1
Bishkek,42.81487,74.63586,85.1
Bishkek,42.85702,74.61343,4915.6
Bishkek,42.86058,74.60073,4661.9
Bishkek,42.87891,74.62155,4039.3
Bishkek,42.88620,74.60884,4180.8
Bishkek,42.88715,74.59190,3861.2
Bishkek,42.89069,74.60059,3993.2
Bishkek,42.88468,74.63785,425.2
Bishkek,42.86853,74.63333,2021.3
Bishkek,42.86968,74.62645,4070.6
Bishkek,42.87853,74.68697,138.8
Bishkek,42.86852,74.62204,4219.7
Bishkek,42.87275,74.64132,1602.1
Bishkek,42.86847,74.70020,81.3
Bishkek,42.88315,74.63616,425.2
Bishkek,42.88573,74.62358,4171.6
Bishkek,42.87881,74.68281,134.0
Bishkek,42.87167,74.61993,4039.3
Bishkek,42.85989,74.60872,4915.6
Bishkek,42.87118,74.61391,4210.2
Bishkek,42.86921,74.61982,4219.7
Bishkek,42.88499,74.61810,4171.6
Bishkek,42.87520,74.61657,4039.3
Bishkek,42.87876,74.66216,128.6
Bishkek,42.87888,74.66431,128.6
Bishkek,42.87650,74.55913,4915.1
Bishkek,42.87462,74.56976,4986.4
Bishkek,42.90414,74.59464,3077.0
Ashgabat,37.90827,58.40818,2957.8
Ashgabat,37.92497,58.41013,2630.8
Ashgabat,37.90142,58.49703,193.2
Ashgabat,37.89779,58.51855,147.1
Ashgabat,37.95400,58.36152,2248.8
Ashgabat,37.96425,58.33838,1682.7
Ashgabat,37.96986,58.33776,158.7
Ashgabat,37.97364,58.34138,158.7
Ashgabat,37.99540,58.45797,81.6
Ashgabat,37.88580,58.48317,127.8
Ashgabat,37.88560,58.48342,127.8
Ashgabat,37.96571,58.32737,143.6
Ashgabat,37.96540,58.43497,2758.0
Ashgabat,37.96592,58.43504,2680.8
Ashgabat,37.97619,58.25707,140.8
Ashgabat,37.94027,58.43751,2793.8
Ashgabat,37.94924,58.39223,2529.1
Ashgabat,38.01864,58.40200,168.6
Ashgabat,37.94334,58.39788,2494.2
Ashgabat,37.96934,58.32128,126.7
Ashgabat,37.92068,58.37962,2907.2
Ashgabat,37.97569,58.53555,41.2
Ashgabat,37.92442,58.39874,2771.0
Ashgabat,37.92158,58.40070,2759.4
Ashgabat,37.92431,58.39487,2771.0
Ashgabat,37.88015,58.35804,981.0
Ashgabat,37.94929,58.35176,2119.0
Ashgabat,37.94532,58.35037,2266.1
Ashgabat,37.95633,58.35589,2119.0
Ashgabat,37.95470,58.35426,2119.0
Ashgabat,37.89722,58.34987,2382.5
Ashgabat,37.89591,58.35997,2549.3
Ashgabat,37.89941,58.33956,2724.1
Ashgabat,37.90241,58.33102,2448.7
Ashgabat,37.90950,58.34235,2781.3
Ashgabat,37.89290,58.35918,2549.3
Ashgabat,37.89140,58.33185,2140.6
Ashgabat,37.91471,58.33896,2768.1
Ashgabat,37.95524,58.40944,2934.5
Ashgabat,37.92080,58.41975,2693.1
Ashgabat,37.92088,58.42308,2693.1
Ashgabat,37.93366,58.40563,2618.7
Ashgabat,38.04893,58.21601,162.8
Ashgabat,38.04583,58.21591,162.8
Ashgabat,37.91513,58.34937,2781.3
Ashgabat,37.93634,58.43708,2793.8
Ashgabat,37.90563,58.38434,2976.0
Ashgabat,37.95475,58.38176,2334.7
Ashgabat,37.95257,58.35864,2119.0
Ashgabat,37.91043,58.36857,2829.2
Ashgabat,37.91527,58.41670,2980.3
Ashgabat,37.91515,58.43397,3039.7
Ashgabat,37.91340,58.42812,2975.5
Ashgabat,37.91341,58.42978,2975.5
Ashgabat,37.91896,58.43500,2966.0
Ashgabat,37.89956,58.38224,2812.2
Ashgabat,37.89951,58.38642,2976.0
Ashgabat,37.90296,58.39405,3035.5
Ashgabat,37.91348,58.41357,2980.3
Ashgabat,37.95253,58.40071,2783.8
Ashgabat,37.91269,58.40125,2957.8
Ashgabat,37.91460,58.40132,2957.8
Ashgabat,37.90890,58.41369,2980.3
Ashgabat,37.91473,58.39393,2925.3
Ashgabat,37.93620,58.42038,2784.4
Ashgabat,37.92188,58.40991,2738.2
Ashgabat,37.96121,58.40100,2928.2
Ashgabat,37.94826,58.41211,2862.8
Ashgabat,37.91748,58.36597,2982.3
Ashgabat,37.89222,58.39461,2961.2
Ashgabat,37.89983,58.39325,3035.5
Ashgabat,37.88364,58.39204,2521.6
Ashgabat,37.91531,58.41057,2980.3
Ashgabat,37.96186,58.43579,2758.0
Ashgabat,37.98713,58.39930,2856.5
Ashgabat,37.95669,58.39332,2641.6
Ashgabat,37.89844,58.38434,2768.4
Ashgabat,37.90244,58.35308,2591.0
Ashgabat,37.90472,58.45880,246.0
Ashgabat,37.94972,58.41364,2934.5
Ashgabat,37.94629,58.38501,2305.4
Ashgabat,37.92135,58.38410,2781.5
Ashgabat,37.89233,58.49593,182.7
Ashgabat,37.91811,58.37770,2907.2
Ashgabat,37.91795,58.37608,2907.2
Ashgabat,37.98532,58.40844,2300.2
Ashgabat,37.87870,58.36096,1978.6
Ashgabat,37.90246,58.48821,199.8
Ashgabat,37.90242,58.41916,3033.0
Ashgabat,37.95870,58.32564,1575.4
Ashgabat,37.92867,58.36622,2950.0
Ashgabat,37.97702,58.43204,209.9
Ashgabat,37.92240,58.41635,2738.2
Ashgabat,37.93264,58.37107,2773.0
Ashgabat,37.90148,58.50204,196.2
Ashgabat,37.90737,58.50670,192.6
Ashgabat,37.89779,58.41908,2581.0
Ashgabat,37.89864,58.39328,2961.2
Ashgabat,37.90762,58.47866,208.5
Ashgabat,37.88610,58.52318,151.9
Ashgabat,38.00441,58.40624,200.7
Ashgabat,37.89441,58.36221,2549.3
Ashgabat,37.94656,58.39922,2494.2
Ashgabat,37.90355,58.37010,2789.1
Ashgabat,37.91368,58.39391,2925.3
Ashgabat,37.90746,58.38437,2911.2
Ashgabat,37.92104,58.35284,2927.7
Ashgabat,37.95664,58.36838,2274.3
Ashgabat,37.95339,58.40773,2783.8
Ashgabat,37.89272,58.40264,2879.1
Ashgabat,37.89267,58.40985,2808.7
Ashgabat,37.88762,58.40792,2380.7
Ashgabat,37.88759,58.40977,1860.4
Ashgabat,38.00742,58.39693,177.2
Ashgabat,37.97892,58.33000,144.4
Ashgabat,37.97644,58.32772,144.4
Ashgabat,37.94338,58.35284,2424.9
Ashgabat,38.02105,58.26284,157.3
Ashgabat,38.02589,58.26292,173.6
Ashgabat,38.03555,58.26895,165.7
Ashgabat,37.90229,58.34654,2651.1
Ashgabat,38.00868,58.30254,197.0
Ashgabat,37.97059,58.34552,1132.3
Ashgabat,37.93567,58.28452,147.3
Ashgabat,37.96865,58.33112,143.6
Ashgabat,37.96699,58.33390,143.6
Ashgabat,37.97899,58.25214,140.8
Ashgabat,37.97965,58.25254,140.8
Ashgabat,37.98115,58.25032,144.0
Ashgabat,37.98124,58.24814,144.0
Ashgabat,37.96730,58.21870,143.4
Ashgabat,37.95947,58.20893,158.6
Ashgabat,37.93405,58.23228,98.2
Ashgabat,38.02458,58.24072,141.6
Ashgabat,37.89000,58.37097,2478.0
Ashgabat,37.96842,58.23546,132.7
Ashgabat,37.95674,58.35747,2119.0
Ashgabat,37.98428,58.28843,146.4
Ashgabat,37.90767,58.40842,2957.8
Ashgabat,38.02479,58.26432,173.6
Ashgabat,37.93837,58.43313,2755.9
Ashgabat,37.95090,58.34380,2062.3
Ashgabat,37.90929,58.41524,2980.3
Ashgabat,37.96010,58.38531,2669.4
Dushanbe,38.56093,68.79782,5644.1
Dushanbe,38.51488,68.75688,1334.2
Dushanbe,38.56126,68.74240,6499.6
Dushanbe,38.56068,68.74289,6499.6
Dushanbe,38.55523,68.75052,6313.8
Dushanbe,38.56054,68.80235,5644.1
Dushanbe,38.53609,68.75871,6353.4
Dushanbe,38.56556,68.78707,6205.4
Dushanbe,38.54770,68.76122,6256.7
Dushanbe,38.57606,68.79220,7306.0
Dushanbe,38.57431,68.79099,6867.9
Dushanbe,38.58278,68.71164,824.0
Dushanbe,38.58640,68.72625,978.0
Dushanbe,38.58758,68.72293,978.0
Dushanbe,38.56461,68.79392,6205.4
Dushanbe,38.56589,68.79872,5644.1
Dushanbe,38.57192,68.79404,6867.9
Dushanbe,38.57766,68.73024,2748.5
Dushanbe,38.55504,68.84841,595.9
Dushanbe,38.53794,68.75152,6463.8
Dushanbe,38.58647,68.72646,978.0
Dushanbe,38.58805,68.78381,6606.8
Dushanbe,38.60482,68.78727,841.8
Dushanbe,38.60744,68.78452,976.6
Dushanbe,38.59033,68.79007,6588.6
Dushanbe,38.58807,68.79622,2990.5
Dushanbe,38.57970,68.79635,5724.7
Dushanbe,38.58795,68.74588,5000.8
Dushanbe,38.56295,68.74074,6499.6
Dushanbe,38.57782,68.73371,2748.5
Dushanbe,38.56045,68.82091,635.2
Dushanbe,38.55856,68.79597,4424.2
Dushanbe,38.55838,68.79751,4424.2
Dushanbe,38.58117,68.79389,7306.0
Dushanbe,38.50888,68.73517,740.7
Dushanbe,38.53151,68.74791,4505.8
Dushanbe,38.52790,68.76503,6497.5
Dushanbe,38.52968,68.76644,6497.5
Dushanbe,38.53021,68.76508,6497.5
Dushanbe,38.52975,68.74989,4505.8
Dushanbe,38.56585,68.82243,635.2
Dushanbe,38.58007,68.74789,4476.6
Dushanbe,38.57116,68.73007,4988.7
Dushanbe,38.56884,68.80642,5100.2
Dushanbe,38.56826,68.75896,5780.5
Dushanbe,38.57986,68.74794,4476.6
Dushanbe,38.60895,68.78537,1033.9
Dushanbe,38.56928,68.76188,5270.3
Dushanbe,38.56980,68.75083,5784.9
Dushanbe,38.57377,68.80260,6344.6
Dushanbe,38.57435,68.75555,5780.5
Dushanbe,38.57595,68.79195,7306.0
Dushanbe,38.55165,68.81610,2985.8
Dushanbe,38.59498,68.78559,2393.3
Dushanbe,38.52824,68.72007,948.9
Dushanbe,38.53594,68.74366,6088.6
Dushanbe,38.52054,68.73064,628.4
Dushanbe,38.57200,68.72266,1437.4
Dushanbe,38.56052,68.72455,2679.6
Dushanbe,38.60908,68.79008,469.1
Dushanbe,38.57214,68.79960,6344.6
Dushanbe,38.56014,68.76641,5721.1
Dushanbe,38.56326,68.79670,5644.1
Dushanbe,38.58432,68.74658,5000.8
Dushanbe,38.58005,68.79347,7306.0
Dushanbe,38.57819,68.79903,5724.7
Dushanbe,38.57573,68.80042,5724.7
Dushanbe,38.57199,68.79503,6344.6
Dushanbe,38.56323,68.82994,415.3
Dushanbe,38.56782,68.83072,314.7
Dushanbe,38.56516,68.80093,5644.1
Dushanbe,38.56484,68.81524,3323.8
Dushanbe,38.58280,68.78365,6163.0
Dushanbe,38.52387,68.75362,1317.0
Dushanbe,38.51557,68.75008,1085.4
Dushanbe,38.51587,68.74858,1085.4
Dushanbe,38.51489,68.74840,1085.4
Dushanbe,38.51397,68.74895,1085.4
Dushanbe,38.52050,68.74195,1178.3
Dushanbe,38.52308,68.74624,801.8
Dushanbe,38.52142,68.76969,1891.5
Dushanbe,38.52025,68.76806,1891.5
Dushanbe,38.52087,68.76586,1891.5
Dushanbe,38.51444,68.76569,1053.7
Dushanbe,38.51569,68.76727,1053.7
Dushanbe,38.58476,68.72037,978.0
Dushanbe,38.58401,68.71656,724.8
Dushanbe,38.58772,68.73595,1098.5
Dushanbe,38.58805,68.72319,978.0
Dushanbe,38.59588,68.75174,1135.7
Dushanbe,38.52780,68.76657,6497.5
Dushanbe,38.52845,68.76629,6497.5
Dushanbe,38.52867,68.76569,6497.5
Dushanbe,38.56137,68.76371,5721.1
Dushanbe,38.56178,68.75246,6030.5
Dushanbe,38.55613,68.74431,6109.3
Dushanbe,38.55390,68.74479,6109.3
Dushanbe,38.57269,68.79033,6867.9
Dushanbe,38.58223,68.78453,6163.0
Dushanbe,38.52253,68.76683,1891.5
Dushanbe,38.58767,68.74578,5000.8
Dushanbe,38.52338,68.76500,1891.5
Dushanbe,38.52017,68.76781,1891.5
Dushanbe,38.58532,68.75648,4601.8
Dushanbe,38.51591,68.74856,1085.4
Dushanbe,38.51553,68.75017,1085.4
Dushanbe,38.51981,68.76500,1891.5
Dushanbe,38.56367,68.74467,6499.6
Dushanbe,38.58049,68.74563,4476.6
Dushanbe,38.58033,68.74540,4476.6
Dushanbe,38.58042,68.74743,4476.6
Dushanbe,38.58062,68.74544,4476.6
Dushanbe,38.56650,68.75716,6711.8
Dushanbe,38.56333,68.76255,5721.1
Dushanbe,38.56341,68.76238,5721.1
Dushanbe,38.58766,68.73163,1098.5
Dushanbe,38.52993,68.76490,6497.5
Dushanbe,38.53180,68.76495,6497.5
Dushanbe,38.52605,68.76509,6497.5
Dushanbe,38.52791,68.76502,6497.5
Dushanbe,38.59202,68.77865,2393.3
Dushanbe,38.57242,68.75050,5784.9
Dushanbe,38.59286,68.75348,1605.6
Dushanbe,38.60340,68.78624,976.6
Dushanbe,38.60512,68.78735,841.8
Dushanbe,38.55466,68.76793,5279.7
Dushanbe,38.57098,68.73791,5534.5
Dushanbe,38.57065,68.73690,5534.5
Dushanbe,38.57047,68.73790,5534.5
Dushanbe,38.61700,68.78224,1033.9
Dushanbe,38.57129,68.72700,1437.4
Dushanbe,38.53004,68.74617,4505.8
Dushanbe,38.51375,68.74897,1085.4
Dushanbe,38.51569,68.76763,1053.7
Dushanbe,38.51527,68.73901,1140.8
Dushanbe,38.56702,68.75891,5780.5
Dushanbe,38.55011,68.79916,3012.4
Dushanbe,38.54023,68.79976,2496.6
Dushanbe,38.59212,68.75058,1135.7
Dushanbe,38.53107,68.75761,6857.7
Dushanbe,38.55970,68.75727,6711.8
Dushanbe,38.51175,68.73788,1140.8
Dushanbe,38.57988,68.73773,5178.0
Dushanbe,38.55251,68.77293,4909.6
Dushanbe,38.58392,68.71653,724.8
Dushanbe,38.58468,68.72066,978.0
Dushanbe,38.56525,68.78339,6946.2
Dushanbe,38.59410,68.75483,1605.6
Dushanbe,38.58770,68.73682,2951.3
Dushanbe,38.58898,68.73763,2951.3
Dushanbe,38.51410,68.76606,1053.7
Dushanbe,38.52114,68.75240,801.8
Dushanbe,38.52137,68.75228,801.8
Dushanbe,38.52067,68.74219,1178.3
Dushanbe,38.52806,68.76665,6497.5
Dushanbe,38.52083,68.76549,1891.5
Dushanbe,38.54938,68.74461,6215.5
Dushanbe,38.56074,68.75970,6711.8
Dushanbe,38.57279,68.73313,4988.7
Dushanbe,38.55247,68.84532,595.9
Dushanbe,38.52092,68.75264,801.8
Dushanbe,38.59539,68.78549,2393.3
Dushanbe,38.55437,68.76801,5279.7
Dushanbe,38.55487,68.76775,5279.7
Dushanbe,38.58785,68.73119,1098.5
Dushanbe,38.56106,68.79736,5644.1
Dushanbe,38.57890,68.74449,5178.0
Dushanbe,38.58968,68.77873,6606.8
Dushanbe,38.50559,68.74151,937.9
Dushanbe,38.55502,68.75265,6313.8
Dushanbe,38.53632,68.74377,6088.6
Dushanbe,38.56072,68.72497,2679.6
Dushanbe,38.57681,68.73516,2748.5
Dushanbe,38.57618,68.73417,2748.5
Dushanbe,38.57603,68.73365,2748.5
Dushanbe,38.51547,68.74936,1085.4
Dushanbe,38.51494,68.74877,1085.4
Dushanbe,38.56436,68.81414,3323.8
