lat,lon,name,dist_m,infiltration,rwi,dens_km2,indoor_pm25,injustice_index
41.31543,69.39042,6-sonli umumiy o'rta ta'lim maktabi,550,0.65,0.45,40,24.7,0.364
41.36062,69.43320,10-sonli umumiy o'rta ta'lim maktabi,1348,0.65,1.00,36,24.6,0.295
41.31376,69.10588,1-sonli umumiy o'rta ta'lim maktabi,3895,0.8,0.42,48,30.3,0.587
41.30335,69.11015,6-sonli umumiy o'rta ta'lim maktabi,3432,0.65,0.98,50,24.6,0.299
41.27944,69.11858,7-sonli umumiy o'rta ta'lim maktabi,2347,0.65,0.97,32,24.6,0.297
41.30747,69.13324,8-sonli umumiy o'rta ta'lim maktabi,1515,0.65,1.38,39,24.6,0.248
41.33078,69.15134,9-sonli umumiy o'rta ta'lim maktabi,776,0.8,0.99,40,30.3,0.517
41.33561,69.11148,12-sonli umumiy o'rta ta'lim maktabi,4113,0.8,1.16,45,30.3,0.497
41.24706,69.15501,13-sonli umumiy o'rta ta'lim maktabi,785,0.8,0.83,40,30.3,0.536
41.25291,69.15022,14-sonli umumiy o'rta ta'lim maktabi,541,0.8,0.83,39,30.4,0.538
41.24325,69.14555,15-sonli umumiy ta'lim maktabi,1447,0.8,1.04,40,30.3,0.510
41.22255,69.10619,16-sonli umumiy o'rta ta'lim maktabi,1861,0.8,0.81,43,30.3,0.539
41.19278,69.15203,32-sonli umumiy o'rta ta'lim maktabi,22,0.65,0.69,40,27.4,0.380
41.18660,69.15525,33-sonli umumiy o'rta ta'lim maktabi,680,0.65,0.69,42,24.7,0.334
41.20244,69.16441,34-sonli umumiy o'rta ta'lim maktabi,147,0.65,0.96,35,25.9,0.320
41.17372,69.15980,35-sonli umumiy o'rta ta'lim maktabi,1827,0.8,0.62,39,30.3,0.562
41.24308,69.14197,39-sonli boshlang`ich ta'lim maktabi,1599,0.65,1.04,40,24.6,0.290
41.20808,69.18532,334-sonli umumiy o’rta ta’lim maktabi,207,0.65,0.64,25,25.5,0.350
41.17923,69.13334,Toshkent viloyati Zangiota tumani  MMTB ,257,0.8,1.09,43,31.0,0.516
41.17025,69.12539,43-sonli umumiy o'rta ta'lim maktabi,181,0.65,0.93,44,25.6,0.321
41.17244,69.20674,Zangiota tuman 22-sonli umumiy o'rta ta',285,0.65,0.14,652,25.1,0.509
41.20382,69.13955,38-sonli umumiy o'rta ta'lim maktabi,1550,0.8,1.00,42,30.3,0.515
41.21819,69.16195,36-sonli umumiy o'rta ta'lim maktabi,978,0.8,0.41,31,30.3,0.587
41.17025,69.12539,44-sonli umumiy o'rta ta'lim maktabi,181,0.65,0.93,44,25.6,0.321
41.33152,69.13156,2-sonli umumiy o'rta ta'lim maktabi,2376,0.8,1.04,36,30.3,0.509
41.20587,69.12100,30-sonli umumiy o'rta ta'lim maktabi,331,0.65,0.80,45,25.0,0.326
41.22713,69.12485,Toshkent viloyati Zangiota tumani 40-son,1164,0.65,0.81,38,24.6,0.318
41.19954,69.15912,27-sonli umumiy o'rta ta'lim maktabi,34,0.8,0.96,38,33.5,0.573
41.28019,69.10251,37-sonli umumiy o'rta ta'lim maktabi,3693,0.65,0.97,44,24.6,0.299
41.30748,69.13743,10-sonli  boshlang'ich ta'lim makabi,1169,0.8,1.38,42,30.3,0.469
41.37139,69.38134,4-sonli umumiy o'rta ta'lim maktabi,1242,0.65,0.95,54,24.6,0.304
41.38411,69.35812,5-sonli umumiy o'rta ta'lim maktabi,3111,0.8,1.27,55,30.3,0.484
41.36644,69.41250,6-sonli ayrim fanlar chuqur o`qitiladiga,308,0.8,1.00,61,30.8,0.527
41.39106,69.39907,7-sonli umumiy o'rta ta'lim maktabi,2214,0.8,0.57,48,30.3,0.569
41.37736,69.43381,9-sonli umumiy o'rta ta'lim maktabi,80,0.8,0.55,49,32.7,0.611
41.40272,69.44426,11-sonli umumiy o'rta ta'lim maktabi,2076,0.65,0.85,58,24.6,0.316
41.34839,69.43244,14-sonli umumiy o'rta ta'lim maktabi,2443,0.8,0.91,40,30.3,0.526
41.36015,69.34483,25-sonli umumiy o'rta ta'lim maktabi,408,0.8,1.19,62,30.6,0.500
41.41582,69.42646,27-sonli umumiy o'rta ta'lim maktabi,4065,0.8,0.69,51,30.3,0.555
41.39937,69.36553,29-sonli umumiy o'rta ta'lim maktabi,2948,0.5,0.53,56,19.0,0.136
41.35648,69.35407,46-sonli umumiy o'rta ta'lim maktabi,271,0.8,1.32,58,31.0,0.490
41.38565,69.41374,8-sonli umumiy o'rta ta'lim maktabi,1794,0.65,0.76,40,24.6,0.325
41.39301,69.35281,30-sonli umumiy o'rta ta'lim maktabi,2951,0.8,1.27,58,30.3,0.485
41.40700,69.30804,33-sonli umumiy o'rta ta'lim maktabi,151,0.8,0.99,58,31.8,0.544
41.29824,69.39204,342-sonli umumiy o'rta ta'lim maktabi,2334,0.8,0.77,56,30.3,0.547
41.39896,69.33699,49-sonli umumiy o'rta ta'lim maktabi,1902,0.65,0.67,55,24.6,0.338
41.38565,69.41374,10-sonli umumiy o'rta ta'lim maktabi,1794,0.65,0.76,40,24.6,0.325
41.40888,69.39683,28-sonli umumiy o'rta ta'lim maktabi,4206,0.8,0.86,47,30.3,0.533
41.41606,69.36281,45-sonli umumiy o'rta ta'lim maktabi,1376,0.65,0.69,36,24.6,0.332
41.15442,69.24867,37-sonli umumiy o'rta ta'lim maktabi,1276,0.8,0.57,978,30.3,0.722
41.18630,69.44025,3-sonli umumiy o'rta ta'lim maktabi,2745,0.8,0.68,45,30.3,0.555
41.17244,69.41116,8-sonli umumiy o'rta ta'lim maktabi,113,0.65,0.05,20,26.2,0.433
41.23683,69.37180,10-sonli umumiy o'rta ta'lim maktabi,638,0.65,1.18,51,24.7,0.276
41.41949,69.26739,13-sonli umumiy o'rta ta'lim maktabi,2531,0.65,0.58,53,24.6,0.349
41.40631,69.21912,17-sonli umumiy o'rta ta'lim maktabi,1388,0.65,1.10,52,24.6,0.284
41.40036,69.19476,18-umumiy o'rta ta'lim maktabi,738,0.65,1.06,52,24.7,0.290
41.40564,69.26703,19-sonli umumiy o'rta ta'lim maktabi,1065,0.65,0.84,51,24.6,0.316
41.40133,69.28438,22-sonli umumiy o'rta ta'lim maktabi,1332,0.65,1.13,51,24.6,0.281
41.38500,69.32184,25-sonli umumiy o'rta ta'lim maktabi,346,0.65,1.02,60,25.0,0.302
41.41646,69.31069,26-sonli umumiy o'rta ta'lim maktabi,126,0.8,1.10,54,32.0,0.534
41.36935,69.16686,27-sonli umumiy o'rta ta'lim maktabi,1111,0.65,0.61,48,24.6,0.344
41.37802,69.24239,28-sonli umumiy o'rta ta'lim maktabi,1565,0.65,1.21,52,24.6,0.272
41.40848,69.19148,30-sonli umumiy o'rta ta'lim maktabi,885,0.8,0.90,54,30.3,0.529
41.41380,69.19481,31-sonli umumiy o'rta ta'lim maktabi,491,0.8,0.74,53,30.5,0.552
41.39619,69.20457,9-sonli umumiy o'rta ta'lim maktabi,62,0.65,1.06,51,26.8,0.325
41.22752,69.40245,13-sonli umumiy o'rta ta'lim maktabi,3,0.65,0.35,38,27.8,0.427
41.27806,69.44678,18-sonli umumiy o'rta ta'lim maktabi,107,0.8,0.59,43,32.3,0.598
41.25578,69.42922,19-sonli ayrim fanlar chuqur o‘qitiladig,859,0.8,0.52,41,30.3,0.574
41.22441,69.40576,20-  sonli umumiy o`rtab ta`lim maktabi,273,0.8,0.35,40,31.0,0.605
41.32355,69.44538,31-sonli umumiy o'rta ta'lim maktabi,145,0.65,0.55,32,25.9,0.370
41.18542,69.44025,"33,Yuqorichirchiq,Tashkent",2700,0.8,0.68,46,30.3,0.556
41.18395,69.35546,38-sonli  umumiy o'rta ta'lim maktabi,2104,0.8,-0.03,26,30.3,0.639
41.15785,69.35546,39-sonli umumiy o'rta ta'lim maktabi,2429,0.65,0.48,29,24.6,0.356
41.22998,69.37519,23-sonli umumiy o'rta ta'lim maktabi,111,0.65,1.18,55,26.2,0.302
41.18679,69.42786,36-sonli umumiy o'rta ta'lim maktabi,1844,0.65,0.33,28,24.6,0.376
41.18179,69.11048,2-sonli umumiy o'rta ta'lim maktabi,1678,0.65,0.94,46,24.6,0.303
41.18144,69.22784,333-sonli umumiy o'rta ta'lim maktabi,1309,0.8,0.97,1007,30.3,0.678
41.20746,69.10676,6-sonli umumiy o'rta ta'lim maktabi,604,0.65,0.80,44,24.7,0.321
41.19046,69.12672,23--sonli umumiy o'rta ta'lim maktabi,1501,0.65,1.09,45,24.6,0.284
41.15924,69.11429,10-sonli ayrim fanlar chuqur o‘qitiladig,238,0.8,0.59,47,31.1,0.580
41.16106,69.10834,57-sonli umumiy o'rta ta'lim maktabi,651,0.8,0.59,42,30.4,0.567
41.16231,69.18798,11-sonli umumiy o'rta ta'lim maktabi,2120,0.8,-0.05,905,30.3,0.787
41.23364,69.33899,289-sonli ixtisoslashtirilgan davlat umu,340,0.8,0.85,61,30.7,0.544
41.23387,69.35070,290-sonli umumiy o'rta ta'lim maktabi,1273,0.8,0.90,54,30.3,0.529
41.25324,69.22359,291-sonli ixtisoslashtirilgan davlat umu,527,0.8,1.20,45,30.4,0.493
41.25324,69.37663,293-sonli umumiy o'rta ta'lim maktabi,511,0.8,0.75,59,30.5,0.551
41.25050,69.30492,31-sonli umumiy o'rta ta'lim maktabi,691,0.65,1.36,48,24.7,0.253
41.27725,69.29022,56-sonli ixtisoslashtirilgan davlat umum,1250,0.8,1.06,43,30.3,0.509
41.28464,69.28976,65-sonli umumiy o'rta ta'lim maktabi,781,0.8,1.09,44,30.3,0.505
41.28215,69.27280,83-sonli umumiy o'rta ta'lim maktabi,243,0.8,1.28,45,31.1,0.495
41.29577,69.28089,94-sonli umumiy o'rta ta'lim maktabi,181,0.8,0.78,48,31.5,0.563
41.30436,69.27139,110-sonli ixtisoslashtirilgan davlat umu,262,0.65,1.07,47,25.2,0.298
41.24681,69.30321,125-sonli umumiy o'rta ta'lim maktabi,280,0.65,1.36,46,25.1,0.260
41.27385,69.27565,147-sonli umumiy o'rta ta'lim maktabi,454,0.8,1.25,44,30.5,0.488
41.26863,69.29851,154-sonli umumiy o'rta ta'lim maktabi,1126,0.8,1.06,42,30.3,0.508
41.27460,69.29539,158-sonli umumiy o'rta ta'lim maktabi,1052,0.8,1.06,43,30.3,0.509
41.27571,69.28693,175- umumiy o'rta ta'lim maktabii,1119,0.8,1.06,43,30.3,0.509
41.24302,69.32452,213-sonli umumiy o'rta ta'lim maktabi,241,0.8,0.85,54,31.1,0.550
41.25726,69.31535,214-sonli umumiy o'rta ta'lim maktabi,332,0.8,1.36,49,30.8,0.480
41.24662,69.31452,218-sonli ixtisoslashtirilgan davlat umu,310,0.8,1.36,44,30.8,0.480
41.25054,69.30908,263-sonli umumiy o'rta ta'lim maktabi,694,0.8,1.36,48,30.4,0.473
41.28182,69.28987,294-sonli ixtisoslashtirilgan davlat umu,944,0.8,1.09,44,30.3,0.504
41.29335,69.27121,328-sonli umumiy o'rta ta'lim maktabi,25,0.8,1.28,47,33.7,0.539
41.29693,69.27769,Gyote nomidagi 60-sonli nemis tilini chu,152,0.8,1.07,47,31.8,0.532
41.23654,69.23541,"60,Tashkent,Mirobod",519,0.65,1.00,39,24.7,0.297
41.31732,69.29862,18-sonli umumiy o'rta ta'lim maktabi,195,0.8,1.27,48,31.4,0.502
41.34158,69.33356,27-sonli umumiy o'rta ta'lim maktabi,17,0.8,1.12,62,33.9,0.564
41.35980,69.38953,35-sonli umumiy o'rta ta'lim maktabi,3,0.65,1.59,65,27.8,0.281
41.34838,69.35171,49-sonli umumiy o'rta ta'lim maktabi,125,0.8,1.32,57,32.1,0.508
41.31375,69.28288,50-sonli ixtisoslashtirilgan davlat umum,116,0.8,1.27,49,32.2,0.515
41.31109,69.29276,64-sonli umumiy o'rta ta'lim maktabi,276,0.8,1.27,45,31.0,0.494
41.32342,69.31796,71-sonli umumiy o'rta ta'lim maktabi,44,0.8,1.16,48,33.3,0.546
41.32021,69.34735,112-sonli xorijiy tillarni chuqur o'qiti,745,0.8,1.19,64,30.3,0.497
41.33121,69.37259,121-sonli umumiy o'rta ta'lim maktabi,196,0.8,0.96,58,31.4,0.541
41.32563,69.30299,142-sonli ixtisoslashtirilgan davlat umu,509,0.8,1.16,49,30.5,0.499
41.31795,69.32198,148-sonli umumiy o'rta ta'lim maktabi,274,0.8,1.16,58,31.0,0.509
41.34920,69.34312,187-sonli umumiy o'rta ta'lim maktabi,477,0.8,1.19,61,30.5,0.498
41.34646,69.36613,207-sonli umumiy o'rta ta'lim maktabi,357,0.8,1.32,61,30.7,0.486
41.33532,69.36037,208-sonli umumiy o'rta ta'lim maktabi,833,0.8,1.39,60,30.3,0.471
41.33685,69.37317,209-sonli umumiy o'rta ta'lim maktabi,424,0.5,0.96,56,19.1,0.085
41.35946,69.39224,210-sonli umumiy o'rta ta'lim maktabi,196,0.5,0.85,61,19.6,0.109
41.35461,69.38813,211-sonli umumiy o'rta ta'lim maktabi,481,0.8,1.59,68,30.5,0.451
41.32194,69.35527,222-sonli umumiy o'rta ta'lim maktabi,451,0.65,1.19,58,24.8,0.278
41.35846,69.36216,223-sonli ixtisoslashtirilgan davlat umu,383,0.8,1.32,59,30.6,0.485
41.33105,69.32755,225-sonli umumiy o'rta ta'lim maktabi,242,0.8,1.12,64,31.1,0.518
41.35476,69.38329,248-sonli umumiy o'rta ta'lim maktabi,342,0.8,1.59,66,30.7,0.455
41.34840,69.38626,256-sonli umumiy o'rta ta'lim maktabi,1093,0.8,1.59,60,30.3,0.447
41.34226,69.38874,279-sonli umumiy o'rta ta'lim maktabi,977,0.8,0.96,57,30.3,0.523
41.33707,69.37404,308-sonli umumiy o'rta ta'lim maktabi,360,0.65,0.96,56,24.9,0.308
41.33567,69.35325,"338,Tashkent,M.Ulug'bek",492,0.5,1.39,59,19.0,0.032
41.34361,69.36194,"343,Tashkent,M.Ulug'bek",100,0.8,1.39,58,32.4,0.504
41.33957,69.23244,11-sonli umumiy o'rta ta'lim maktabi,40,0.8,1.03,45,33.4,0.563
41.36863,69.20132,15-sonli umumiy o'rta ta'lim maktabi,794,0.65,1.22,47,24.7,0.269
41.37272,69.23817,16-sonli umumiy o'rta ta'lim maktabi,1101,0.65,0.81,45,24.6,0.319
41.33585,69.24762,22-sonli ixtisoslashtirilgan davlat umum,483,0.8,1.07,48,30.5,0.511
41.33592,69.23344,24-sonli ixtisoslashtirilgan davlat umum,18,0.8,1.03,46,33.9,0.571
41.27407,69.22173,28-sonli ixtisoslashtirilgan davlat umum,885,0.8,1.13,48,30.3,0.501
41.35826,69.18383,29-sonli ixtisoslashtirilgan davlat umum,734,0.8,1.32,45,30.3,0.477
41.33616,69.21860,46-sonli umumiy o'rta ta'lim maktabi,201,0.65,1.03,43,25.5,0.306
41.33923,69.22323,"28,Tashkent,Olmazor",63,0.8,1.03,43,32.9,0.555
41.34176,69.24999,119-sonli umumiy o'rta ta'lim maktabi,143,0.8,1.07,47,31.9,0.534
41.35479,69.23793,133-sonli ixtisoslashtirilgan davlat umu,668,0.8,1.19,44,30.4,0.493
41.36854,69.19868,134-sonli umumiy o'rta ta'lim maktabi,660,0.8,1.22,47,30.4,0.490
41.33699,69.24917,146-sonli umumiy o'rta ta'lim maktabi,365,0.8,1.07,48,30.7,0.514
41.34642,69.24525,159-sonli umumiy o'rta ta'lim maktabi,176,0.8,1.19,46,31.6,0.513
41.36396,69.23158,165-sonli umumiy o'rta ta'lim maktabi,527,0.8,1.38,46,30.4,0.472
41.35280,69.23260,185-sonli umumiy o'rta ta'lim maktabi,383,0.8,1.48,44,30.6,0.462
41.35977,69.22121,191-sonli umumiy o'rta ta'lim maktabi,350,0.8,1.48,45,30.7,0.464
41.35994,69.22003,196-sonli umumiy o'rta ta'lim maktabi,448,0.8,1.48,45,30.5,0.460
41.36985,69.21877,219-sonli umumiy o'rta ta'lim maktabi,523,0.8,1.38,47,30.4,0.472
41.34493,69.22287,224-sonli umumiy o'rta ta'lim maktabi,494,0.8,1.48,43,30.5,0.459
41.35767,69.23353,233-sonli umumiy o'rta ta'lim maktabi,561,0.8,1.48,45,30.4,0.459
41.36970,69.20869,234-sonli umumiy o'rta ta'lim maktabi,1099,0.65,1.22,47,24.6,0.269
41.37009,69.21076,242-sonli umumiy o'rta ta'lim maktabi,1176,0.8,1.22,47,30.3,0.489
41.34291,69.20760,243-sonli umumiy o'rta ta'lim maktabi,123,0.65,1.22,39,26.1,0.291
41.35556,69.19138,249-sonli umumiy o'rta ta'lim maktabi,644,0.8,1.32,44,30.4,0.478
41.35289,69.18481,261-sonli umumiy o'rta ta'lim maktabi,340,0.8,1.32,45,30.7,0.484
41.36547,69.19156,278-sonli umumiy o'rta ta'lim maktabi,537,0.8,1.10,46,30.4,0.506
41.33226,69.22387,298-sonli umumiy o'rta ta'lim maktabi,228,0.8,1.03,46,31.2,0.527
41.38461,69.21991,315-sonli umumiy o'rta ta'lim maktabi,345,0.65,1.11,53,25.0,0.289
41.35573,69.21844,326-sonli ixtisoslashtirilgan davlat umu,604,0.8,1.48,44,30.4,0.458
41.34310,69.25071,"298,Tashkent,Olmazor",304,0.8,1.07,46,30.8,0.517
41.36398,69.19308,"315,Tashkent,Olmazor",746,0.8,1.22,47,30.3,0.490
41.36318,69.19750,"326,Tashkent,Olmazor",1052,0.5,1.22,46,19.0,0.049
41.34464,69.21716,"36,Tashkent,Olmazor",268,0.8,1.48,41,31.0,0.468
41.33536,69.24840,"102-MM,Tashkent,Olmazor",398,0.8,1.07,48,30.6,0.513
41.22234,69.21693,301-sonli umumiy o'rta ta'lim maktabi,424,0.8,1.00,45,30.6,0.520
41.21752,69.26434,305-sonli umumiy o'rta ta'lim maktabi,571,0.8,0.93,922,30.4,0.671
41.21009,69.22444,6-sonli ixtisoslashtirilgan davlat umumt,299,0.8,1.08,1151,30.9,0.698
41.21282,69.23337,7-sonli umumiy o'rta ta'lim maktabi,205,0.8,1.00,1064,31.3,0.701
41.21885,69.21581,317-sonli ixtisoslashtirilgan davlat umu,674,0.65,1.00,45,24.7,0.297
41.22657,69.21137,322-sonli umumiy o'rta ta'lim maktabi,646,0.65,1.03,43,24.7,0.292
41.22867,69.20947,55 - sonli umumiy o'rta ta'lim maktabi,405,0.65,1.05,41,24.9,0.293
41.21146,69.23195,68-sonli umumiy o'rta ta'lim maktabi,92,0.8,1.08,1061,32.5,0.710
41.23195,69.20138,76-sonli umumiy o'rta ta'lim maktabi,339,0.8,1.05,43,30.7,0.516
41.21695,69.24140,104-sonli umumiy o'rta ta'lim maktabi,234,0.8,1.08,1085,31.2,0.691
41.25957,69.25684,237-sonli umumiy o'rta ta'lim maktabi,90,0.8,1.05,41,32.5,0.546
41.20095,69.25057,264-sonli umumiy o'rta ta'lim maktabi,1609,0.8,0.96,1035,30.3,0.685
41.24760,69.29112,266-sonli umumiy o'rta ta'lim maktabi,364,0.8,1.01,45,30.7,0.520
41.24733,69.22485,267-sonli umumiy o'rta ta'lim maktabi,381,0.65,1.20,42,24.9,0.275
41.24724,69.28484,268-sonli umumiy o'rta ta'lim maktabi,323,0.8,1.01,46,30.8,0.522
41.24663,69.25727,269-sonli umumiy o'rta ta'lim maktabi,238,0.5,1.05,40,19.5,0.077
41.24759,69.28818,277-sonli ixtisoslashtirilgan davlat umu,361,0.8,1.01,44,30.7,0.520
41.22100,69.21744,284-sonli umumiy o'rta ta'lim maktabi,449,0.8,1.00,45,30.5,0.519
41.20770,69.22488,"269,Tashkent,Sergeli",48,0.8,1.08,1120,33.2,0.732
41.22189,69.21418,300-sonli ixtisoslashtirilgan davlat umu,654,0.8,1.00,44,30.4,0.517
41.21762,69.21864,"284,Tashkent,Sergeli",518,0.8,1.00,44,30.4,0.518
41.21112,69.19886,"2,Tashkent,Yashnobod",569,0.65,1.23,32,24.7,0.267
41.31593,69.18068,4-sonli umumiy o'rta ta'lim maktabi,350,0.8,1.41,40,30.7,0.471
41.29142,69.15828,14-sonli ixtisoslashtirilgan davlat umum,686,0.8,1.25,48,30.4,0.486
41.31516,69.17394,38-sonli umumiy o'rta ta'lim maktabi,464,0.8,1.41,39,30.5,0.468
41.28657,69.17678,44-sonli umumiy o'rta ta'lim maktabi,490,0.8,1.03,45,30.5,0.515
41.29360,69.18921,62-sonli umumiy o'rta ta'lim maktabi,369,0.8,1.03,45,30.7,0.518
41.27943,69.18681,74-sonli umumiy o'rta ta'lim maktabi,546,0.65,1.03,42,24.7,0.293
41.32106,69.17344,75-sonli umumiy o'rta ta'lim maktabi,1077,0.8,1.41,41,30.3,0.465
41.28341,69.17059,78-sonli umumiy o'rta ta'lim maktabi,1110,0.5,1.03,47,19.0,0.072
41.30680,69.18690,81-sonli ixtisoslashtirilgan davlat umum,559,0.8,1.10,45,30.4,0.505
41.32325,69.18023,106-sonli umumiy o'rta ta'lim maktabi,1065,0.8,1.41,42,30.3,0.465
41.27673,69.17396,107-sonli ixtisoslashtirilgan davlat umu,1473,0.8,1.36,42,30.3,0.472
41.32483,69.16861,109-sonli umumiy o'rta ta'lim maktabi,788,0.8,0.99,42,30.3,0.516
41.31534,69.16044,116-sonli ixtisoslashtirilgan davlat umu,463,0.8,0.99,42,30.5,0.519
41.30442,69.15536,123-sonli umumiy o'rta ta'lim maktabi,91,0.8,0.91,44,32.5,0.563
41.30785,69.16782,129-sonli umumiy o'rta ta'lim maktabi,43,0.8,0.91,42,33.3,0.576
41.29855,69.16454,193-sonli ixtisoslashtirilgan davlat umu,727,0.8,0.91,45,30.4,0.527
41.28219,69.16393,194-sonli umumiy o'rta ta'lim maktabi,1280,0.8,1.25,47,30.3,0.486
41.29720,69.15958,197-sonli umumiy o'rta ta'lim maktabi,735,0.8,0.91,46,30.3,0.527
41.26898,69.15552,203-sonli umumiy o'rta ta'lim maktabi,709,0.8,1.15,43,30.4,0.498
41.29559,69.18079,228-sonli umumiy o'rta ta'lim maktabi,321,0.5,1.10,44,19.2,0.068
41.28922,69.17671,229-sonli umumiy o'rta ta'lim maktabi,319,0.5,1.03,44,19.2,0.077
41.32218,69.16142,236-sonli umumiy o'rta ta'lim maktabi ma,307,0.8,0.99,41,30.8,0.525
41.29259,69.17033,238-sonli umumiy o'rta ta'lim maktabi,588,0.65,1.03,48,24.7,0.294
41.31755,69.16470,245-sonli umumiy o'rta ta'lim maktabi,726,0.8,0.99,42,30.4,0.517
41.27239,69.14115,251-sonli umumiy o'rta ta'lim maktabi,461,0.65,0.76,41,24.8,0.328
41.28003,69.18547,283-sonli umumiy o'rta ta'lim maktabi,568,0.5,1.03,42,19.0,0.072
41.27779,69.16294,287-sonli umumiy o'rta ta'lim maktabi,1318,0.8,1.15,46,30.3,0.497
41.26540,69.15001,295-sonli umumiy o'rta ta'lim maktabi,233,0.8,1.15,42,31.2,0.511
41.26845,69.15556,296-sonli umumiy o'rta ta'lim maktabi,710,0.8,1.15,43,30.4,0.498
41.28190,69.13887,297-sonli umumiy o'rta ta'lim maktabi,734,0.8,0.99,45,30.4,0.518
41.29130,69.14477,312-sonli umumiy o'rta ta'lim maktabi,424,0.8,0.99,46,30.6,0.522
41.29638,69.12489,"245,Tashkent,Uchtepa",2133,0.8,0.98,42,30.3,0.517
41.29465,69.21288,79-sonli umumiy o'rta ta'lim maktabi,333,0.65,0.97,46,25.0,0.305
41.31005,69.24446,90-sonli umumiy o'rta ta'lim maktabi,132,0.8,1.33,46,32.0,0.503
41.26818,69.18397,101-sonli umumiy o'rta ta'lim maktabi,1303,0.5,1.36,44,19.0,0.032
41.28286,69.22678,103-sonli ixtisoslashtirilgan davlat umu,591,0.8,1.17,48,30.4,0.497
41.26609,69.19431,114-sonli umumiy o'rta ta'lim maktabi,414,0.8,0.94,46,30.6,0.528
41.26001,69.15461,126-sonli umumiy o'rta ta'lim maktabi,270,0.8,0.83,41,31.0,0.547
41.29915,69.22779,128-sonli umumiy o'rta ta'lim maktabi,206,0.8,0.99,46,31.3,0.535
41.26754,69.20412,131-sonli ixtisoslashtirilgan davlat umu,272,0.8,0.94,46,31.0,0.534
41.27618,69.21792,138-sonli umumiy o'rta ta'lim maktabi,778,0.8,1.13,47,30.3,0.501
41.28531,69.22226,162-sonli umumiy o'rta ta'lim maktabi,401,0.65,1.17,48,24.9,0.279
41.27848,69.22266,163-sonli umumiy o'rta ta'lim maktabi,917,0.8,1.17,48,30.3,0.496
41.27470,69.20030,164-sonli umumiy o'rta ta'lim maktabi,216,0.8,0.94,46,31.3,0.539
41.28697,69.22492,168-sonli umumiy o'rta ta'lim maktabi,338,0.8,1.17,46,30.7,0.503
41.29320,69.22060,173-sonli umumiy o'rta ta'lim maktabi,40,0.8,1.17,47,33.4,0.547
41.28812,69.21303,178-sonli ixtisoslashtirilgan davlat umu,378,0.8,1.05,47,30.6,0.515
41.29540,69.20783,179-sonli umumiy o'rta ta'lim maktabi,299,0.8,0.97,47,30.9,0.529
41.28865,69.21332,182-sonli umumiy o'rta ta'lim maktabi,397,0.65,1.05,47,24.9,0.293
41.29181,69.20400,183-sonli umumiy o'rta ta'lim maktabi,465,0.8,1.05,46,30.5,0.512
41.28490,69.20160,184-sonli umumiy o'rta ta'lim maktabi,583,0.65,1.05,46,24.7,0.290
41.26405,69.21191,188-sonli umumiy o'rta ta'lim maktabi,478,0.8,0.94,47,30.5,0.526
41.27470,69.20030,195-sonli ixtisoslashtirilgan davlat umu,216,0.8,0.94,46,31.3,0.539
41.28342,69.19629,181-sonli umumiy o'rta ta'lim maktabi,135,0.5,1.05,44,20.0,0.086
41.26312,69.18327,200-sonli ixtisoslashtirilgan davlat umu,940,0.8,1.36,43,30.3,0.472
41.25146,69.20218,201-sonli umumiy o'rta ta'lim maktabi,309,0.8,1.33,45,30.8,0.485
41.26294,69.18343,202-sonli umumiy o'rta ta'lim maktabi,916,0.8,1.36,44,30.3,0.472
41.26814,69.17485,217-sonli umumiy o'rta ta'lim maktabi,1837,0.8,1.36,44,30.3,0.472
41.26167,69.21175,232-sonli umumiy o'rta ta'lim maktabi,310,0.8,0.94,47,30.8,0.532
41.23821,69.17231,270-sonli umumiy o'rta ta'lim maktabi,319,0.8,1.17,42,30.8,0.502
41.26133,69.15739,280-sonli umumiy o'rta ta'lim maktabi,537,0.65,1.15,42,24.7,0.278
41.26632,69.16323,281-sonli umumiy o'rta ta'lim maktabi,1276,0.8,1.15,42,30.3,0.497
41.25944,69.20327,357-sonli umumiy o'rta ta'lim maktabi,516,0.8,1.33,46,30.4,0.478
41.28596,69.22888,"201,Tashkent,Chilonzor",214,0.8,1.17,46,31.3,0.512
41.31621,69.19792,10-sonli umumiy o'rta ta'lim maktabi,323,0.8,1.06,44,30.8,0.516
41.30940,69.22079,13-sonli umumiy o'rta ta'lim maktabi,1035,0.8,0.99,47,30.3,0.518
41.32703,69.25780,19-sonli umumiy o'rta ta'lim maktabi,240,0.8,0.99,47,31.1,0.531
41.33939,69.26367,20-sonli umumiy o'rta ta'lim maktabi,384,0.8,1.11,47,30.6,0.508
41.30874,69.23511,34-sonli umumiy o'rta ta'lim maktabi,268,0.65,0.99,44,25.2,0.307
41.33527,69.19916,39-sonli umumiy o'rta ta'lim maktabi,255,0.8,1.22,39,31.1,0.500
41.32349,69.20692,40-sonli umumiy o'rta ta'lim maktabi,129,0.8,1.06,44,32.0,0.536
41.32663,69.22608,41-sonli umumiy o'rta ta'lim maktabi,145,0.8,0.90,46,31.8,0.553
41.32614,69.24365,42-sonli umumiy o'rta ta'lim maktabi,110,0.8,0.99,46,32.2,0.550
41.31347,69.23246,45-sonli umumiy o'rta ta'lim maktabi,235,0.8,0.90,47,31.2,0.542
41.32283,69.24758,59-sonli xitoy va koreys tillarini chuqu,117,0.8,0.99,46,32.2,0.549
41.32009,69.22903,82-sonli umumiy o'rta ta'lim maktabi,157,0.8,0.90,48,31.7,0.552
41.30841,69.23611,84-sonli umumiy o'rta ta'lim maktabi,177,0.8,1.33,44,31.5,0.496
41.31318,69.22776,85-sonli umumiy o'rta ta'lim maktabi,499,0.8,0.90,46,30.5,0.530
41.33358,69.20504,92-sonli umumiy o'rta ta'lim maktabi,224,0.8,1.22,39,31.2,0.503
41.32967,69.22068,102-sonli ixtisoslashtirilgan davlat umu,148,0.8,1.03,46,31.8,0.537
41.33055,69.20296,113-sonli umumiy o'rta ta'lim maktabi,294,0.8,1.22,40,30.9,0.497
41.32633,69.26081,115-sonli umumiy o'rta ta'lim maktabi,190,0.8,1.21,46,31.4,0.509
41.33133,69.21413,132 - sonli umumiy o'rta ta'lim maktabi,174,0.8,1.03,42,31.6,0.532
41.31256,69.19818,136 - sonli umumiy o'rta ta'lim maktabi,384,0.8,1.06,44,30.6,0.513
41.31565,69.20885,141 - sonli umumiy o'rta ta'lim maktabi,97,0.8,1.06,46,32.4,0.543
41.30549,69.21184,157 - sonli umumiy o'rta ta'lim maktabi,306,0.8,0.97,47,30.8,0.528
41.31646,69.20692,167 - sonli umumiy o'rta ta'lim maktabi,255,0.8,1.06,45,31.1,0.520
41.34175,69.20042,169 - sonli umumiy o'rta ta'lim maktabi,375,0.8,1.22,39,30.6,0.493
41.30315,69.20710,180 - sonli ixtisoslashtirilgan davlat u,149,0.8,0.97,46,31.8,0.544
41.31376,69.20330,186 - sonli umumiy o'rta ta'lim maktabi,450,0.8,1.06,46,30.5,0.512
41.32648,69.19909,192 - sonli umumiy o'rta ta'lim maktabi,316,0.8,1.06,40,30.8,0.516
41.30290,69.21689,254 - sonli umumiy o'rta ta'lim maktabi,531,0.8,0.99,46,30.4,0.520
41.33317,69.16836,262 - sonli umumiy o'rta ta'lim maktabi,426,0.8,0.99,44,30.6,0.521
41.33796,69.17050,276 - sonli ixtisoslashtirilgan davlat u,509,0.8,1.25,45,30.5,0.488
41.33953,69.17911,299 - sonli umumiy o'rta ta'lim maktabi,1061,0.8,1.25,43,30.3,0.486
41.34575,69.17551,314 - sonli umumiy o'rta ta'lim maktabi,314,0.8,1.32,41,30.8,0.485
41.34261,69.16906,316 - sonli umumiy o'rta ta'lim maktabi,362,0.65,0.99,44,24.9,0.302
41.33977,69.18095,320-sonli umumiy o'rta ta'lim maktabi,1065,0.65,1.25,42,24.6,0.265
41.31782,69.23437,324-sonli umumiy o'rta ta'lim maktabi,191,0.8,0.90,47,31.4,0.547
41.32359,69.25658,"254,Tashkent,Shaykhontohur",76,0.8,0.99,47,32.7,0.558
41.31988,69.27702,5-sonli umumiy o‘rta ta`lim maktabi,217,0.8,1.21,47,31.3,0.506
41.33020,69.27841,9-sonli ixtisoslashtirilgan davlat umumt,366,0.8,1.11,44,30.7,0.508
41.36960,69.29950,12-sonli umumiy o'rta ta'lim maktabi,471,0.8,0.84,59,30.5,0.540
41.31843,69.28861,17-sonli ixtisoslashtirilgan davlat umum,212,0.8,1.27,47,31.3,0.500
41.32581,69.28802,43-sonli umumiy o`rta ta`lim maktabi,417,0.8,1.27,46,30.6,0.487
41.32925,69.28806,51-sonli ixtisoslashtirilgan davlat umum,361,0.8,1.13,46,30.7,0.506
41.35910,69.28360,53-sonli umumiy o`rta ta`lim maktabi,304,0.8,0.87,60,30.8,0.543
41.35488,69.30171,58-sonli umumiy o'rta ta'lim maktabi,520,0.8,0.87,59,30.4,0.536
41.35240,69.28613,63-sonli umumiy o`rta ta`lim maktabi,147,0.8,0.87,48,31.8,0.557
41.33588,69.28568,70-sonli umumiy o`rta ta`lim maktabi,56,0.8,1.13,45,33.1,0.546
41.38084,69.27350,72-sonli umumiy o‘rta ta'lim maktabi,750,0.65,1.57,57,24.7,0.229
41.32478,69.27888,80-sonli umumiy o`rta ta`lim maktabi,272,0.8,1.21,46,31.0,0.501
41.37023,69.26850,86-sonli umumiy o`rta ta`lim maktabi,1383,0.8,1.55,58,30.3,0.451
41.34842,69.27417,96-sonli umumiy o`rta ta`lim maktabi,796,0.8,1.11,49,30.3,0.504
41.37919,69.30496,97-sonli umumiy o`rta ta`lim maktabi,557,0.8,1.02,58,30.4,0.517
41.35360,69.33504,98-sonli umumiy o`rta ta`lim maktabi,661,0.8,1.19,64,30.4,0.497
41.34350,69.30107,105-sonli umumiy o`rta ta`lim maktabi,1101,0.8,1.13,48,30.3,0.500
41.35197,69.29836,117-sonli umumiy o`rta ta`lim maktabi,855,0.8,0.87,49,30.3,0.532
41.36596,69.31092,122-sonli umumiy o`rta ta`lim maktabi,911,0.8,1.41,58,30.3,0.468
41.34933,69.26646,150-sonli umumiy o`rta ta`lim maktabi,232,0.8,1.11,49,31.2,0.518
41.36520,69.27638,220-sonli umumiy o`rta ta`lim maktabi,567,0.8,1.55,64,30.4,0.454
41.37060,69.28365,235-sonli umumiy o`rta ta`lim maktabi,230,0.65,0.84,61,25.3,0.329
41.36971,69.28965,240-sonli umumiy o`rta ta`lim maktabi,270,0.8,0.84,59,31.0,0.548
41.36734,69.29771,246-sonli umumiy o`rta ta`lim maktabi,340,0.8,0.84,59,30.7,0.544
41.37813,69.30197,247-sonli umumiy o`rta ta`lim maktabi,463,0.8,1.02,60,30.5,0.519
41.37025,69.30641,250-ixtisoslashtirilgan davlat umumta'li,1019,0.8,1.41,58,30.3,0.468
41.37563,69.31612,257-sonli umumiy o`rta ta`lim maktabi,437,0.8,1.41,60,30.5,0.472
41.37472,69.31513,258-sonli umumiy o`rta ta`lim maktabi,548,0.8,1.41,60,30.4,0.470
41.37724,69.27737,259-sonli umumiy o`rta ta`lim maktabi,899,0.8,1.57,60,30.3,0.449
41.37249,69.28061,260-sonli umumiy o`rta ta`lim maktabi,522,0.8,0.84,60,30.4,0.540
41.37917,69.28472,265-sonli umumiy o`rta ta`lim maktabi,353,0.8,1.05,58,30.7,0.518
41.37585,69.28659,271-sonli umumiy o‘rta ta'lim maktabi,119,0.8,0.84,60,32.1,0.568
41.35753,69.28954,272-sonli umumiy o`rta ta`lim maktabi,41,0.8,0.87,62,33.4,0.585
41.37927,69.30388,273-sonli umumiy o`rta ta`lim maktabi,528,0.8,1.02,58,30.4,0.518
41.36698,69.32400,274-sonli umumiy o`rta ta`lim maktabi,246,0.8,1.28,63,31.1,0.498
41.36930,69.31889,288-sonli umumiy o`rta ta`lim maktabi,449,0.8,1.41,62,30.5,0.472
41.36393,69.27881,302-sonli umumiy o`rta ta`lim maktabi,343,0.8,1.55,59,30.7,0.458
41.39154,69.25281,313-sonli umumiy o`rta ta`lim maktabi,704,0.8,1.21,53,30.4,0.493
41.37762,69.26291,327-sonli umumiy o'rta ta'lim tarmoq mak,1597,0.65,1.57,54,24.6,0.228
41.35735,69.32651,88-sonli umumiy o`rta ta`lim maktabi,848,0.8,1.19,60,30.3,0.496
41.35839,69.28294,"272,Tashkent,Yunusobod",344,0.8,0.87,58,30.7,0.540
41.26950,69.23470,26-sonli umumiy o'rta ta'lim maktabi,69,0.8,1.13,50,32.8,0.543
41.27404,69.26331,48-sonli umumta'lim maktabi,359,0.8,1.25,47,30.7,0.492
41.29398,69.24942,73-sonli umumiy o'rta ta'lim tarmoq makt,103,0.8,1.28,46,32.3,0.515
41.28536,69.25140,89-sonli umumiy o'rta ta'lim maktabi,130,0.8,1.28,49,32.0,0.510
41.29909,69.25785,91-sonli ixtisoslashtrilgan davlat umumi,670,0.8,1.07,47,30.4,0.509
41.27357,69.22997,100-sonli umumiy o'rta ta'lim maktabi,663,0.8,1.13,47,30.4,0.501
41.28815,69.26018,118-sonli umumiy o'rta ta'lim maktabi,214,0.8,1.28,46,31.3,0.498
41.26870,69.25004,127-sonli umumiy o'rta ta'lim maktabi,130,0.8,1.02,47,32.0,0.542
41.28917,69.24714,135-sonli umumiy o'rta ta'lim maktabi,371,0.8,1.28,48,30.7,0.487
41.28199,69.23656,144-sonli umumiy o'rta ta'lim maktabi,137,0.8,1.28,47,31.9,0.508
41.29173,69.26227,160-sonli ixtisoslashtirilgan davlat umu,54,0.8,1.28,47,33.1,0.528
41.26164,69.22652,172-sonli umumiy o'rta ta'lim maktabi,34,0.8,1.13,50,33.5,0.554
41.26706,69.23752,319-sonli ixtisoslashtirilgan davlat umu,81,0.8,1.02,46,32.7,0.553
41.27451,69.26303,321-sonli umumiy o'rta ta'lim maktabi,354,0.8,1.25,46,30.7,0.492
41.26931,69.23461,"118,Tashkent,Yakkasaroy",61,0.8,1.13,50,33.0,0.545
41.28205,69.36739,23-sonli umumiy o'rta ta'lim maktabi,540,0.8,0.87,49,30.4,0.534
41.28985,69.31865,30-sonli umumiy o'rta ta'lim maktabi,1303,0.8,0.82,43,30.3,0.538
41.28609,69.35582,61-sonli umumiy o'rta ta'lim maktabi,343,0.8,0.87,56,30.7,0.541
41.27531,69.34497,67-sonli umumiy o'rta ta'lim maktabi,1392,0.8,0.89,54,30.3,0.531
41.31738,69.31401,69-sonli umumiy o'rta ta'lim maktabi,53,0.8,1.16,46,33.1,0.543
41.30391,69.28758,145-sonli umumiy o'rta ta'lim maktabi,35,0.8,0.78,47,33.5,0.596
41.28256,69.34405,149-sonli umumiy o'rta ta'lim maktabi,1368,0.8,0.94,55,30.3,0.525
41.28110,69.34694,151-sonli umumiy o'rta ta'lim maktabi,1148,0.8,0.87,56,30.3,0.534
41.29857,69.35950,152-sonli umumiy o'rta ta'lim maktabi,600,0.8,1.10,60,30.4,0.508
41.29195,69.32972,153-sonli umumiy o'rta ta'lim maktabi,1449,0.8,0.94,56,30.3,0.525
41.28670,69.32642,155-sonli umumiy o'rta ta'lim maktabi,1769,0.8,0.94,57,30.3,0.525
41.26689,69.31699,156-sonli umumiy o'rta ta'lim maktabi,207,0.8,0.67,47,31.3,0.574
41.30104,69.30957,161-sonli umumiy o'rta ta'lim maktabi,384,0.8,1.07,44,30.6,0.512
41.29435,69.34177,166-sonli umumiy o'rta ta'lim maktabi,746,0.8,0.96,59,30.3,0.524
41.26915,69.31792,170-sonli umumiy o'rta ta'lim maktabi,378,0.8,0.67,46,30.6,0.563
41.27169,69.34988,198-sonli umumiy o'rta ta'lim maktabi,1035,0.8,1.15,56,30.3,0.499
41.29465,69.34472,204-sonli umumiy o'rta ta'lim maktabi,565,0.65,0.96,60,24.7,0.305
41.25313,69.34005,206-sonli umumiy o'rta ta'lim maktabi,911,0.8,0.90,60,30.3,0.530
41.25365,69.34691,212-sonli umumiy o'rta ta'lim maktabi,684,0.8,1.15,61,30.4,0.501
41.24528,69.33151,215-sonli umumiy o'rta ta'lim maktabi,381,0.8,0.90,59,30.6,0.535
41.25940,69.32063,216-sonli umumiy o'rta ta'lim maktabi,153,0.8,1.36,49,31.8,0.496
41.28588,69.34251,226-sonli umumiy o'rta ta'lim maktabi,1358,0.65,0.94,58,24.6,0.305
41.27610,69.35425,227-sonli ixtisoslashtirilgan davlat umu,611,0.8,1.15,56,30.4,0.500
41.26600,69.35503,230-sonli umumiy o'rta ta'lim maktabi,776,0.8,1.15,61,30.3,0.500
41.27695,69.31262,231-sonli umumiy o'rta ta'lim maktabi,303,0.65,0.67,44,25.1,0.344
41.29388,69.34653,244-sonli umumiy o'rta ta'lim maktabi,536,0.65,0.87,60,24.7,0.316
41.29208,69.36278,255-sonli umumiy o'rta ta'lim maktabi,405,0.8,0.87,62,30.6,0.539
41.29351,69.36622,282-sonli umumiy o'rta ta'lim maktabi,733,0.8,0.87,62,30.4,0.535
41.31027,69.32339,307-sonli ixtisoslashtirilgan davlat umu,536,0.8,1.07,54,30.4,0.510
41.27912,69.30875,"226,Tashkent,Yashnobod",96,0.8,0.82,44,32.4,0.573
41.28579,69.33997,"227,Tashkent,Yashnobod",1536,0.8,0.94,59,30.3,0.526
41.31629,69.31391,"230,Tashkent,Yashnobod",156,0.8,1.16,46,31.7,0.520
41.19984,69.22257,2-sonli umumiy o’rta ta’lim maktabi,612,0.8,1.08,1153,30.4,0.690
41.19818,69.21815,3-sonli umumiy o’rta ta’lim maktabi,595,0.8,1.08,1083,30.4,0.679
41.20737,69.21608,8-sonli umumiy o'rta ta'lim maktabi,372,0.8,1.08,1136,30.7,0.692
41.23559,69.19081,32-sonli umumiy o’rta ta’lim maktabi,170,0.8,1.17,44,31.6,0.516
41.19825,69.20991,285-sonli umumiy o’rta ta’lim maktabi,257,0.8,1.23,1007,31.0,0.658
41.17738,69.24700,292-sonli umumiy o’rta ta’lim maktabi,1233,0.8,0.58,1238,30.3,0.764
41.22406,69.18334,303-sonli ixtisoslashtirilgan davlat umu,298,0.8,0.69,38,30.9,0.562
41.19529,69.21150,304-sonli umumiy o'rta ta'lim maktab,610,0.8,1.23,1042,30.4,0.653
41.22270,69.20354,Янгиҳаёт тумани мактабгача ва мактаб таъ,273,0.65,1.03,38,25.2,0.300
41.22395,69.20345,330-sonli umumiy o’rta ta’lim maktabi,255,0.65,1.03,39,25.2,0.301
41.21125,69.19900,331-sonli umumiy o'rta ta'lim maktabi,571,0.65,1.23,32,24.7,0.267
41.17358,69.29476,335-sonli umumiy o`rta ta'lim maktabi,51,0.65,0.70,835,26.9,0.502
41.18734,69.27654,336-sonli umumiy o`rta ta'lim maktabi,2091,0.8,0.28,905,30.3,0.746
41.15641,69.42873,30-sonli umumiy o'rta ta'lim maktabi,384,0.65,0.15,32,24.9,0.402
41.16871,69.21909,58-sonli umumiy o'rta ta'lim maktabi,269,0.65,0.64,976,25.2,0.502
41.18675,69.31679,38-sonli umumiy o'rta ta'lim maktabi,257,0.8,0.60,1017,31.0,0.737
41.15751,69.27200,40-sonli umumiy o'rta ta'lim maktabi,684,0.65,-0.46,949,24.7,0.624
41.18819,69.32885,54-sonli umumiy o'rta ta'lim maktabi,147,0.8,0.73,1356,31.8,0.791
41.15820,69.34561,58-sonli umumiy o'rta ta'lim maktabi,1619,0.65,0.30,32,24.6,0.379
41.15480,69.38577,65-sonli umumiy o'rta ta'lim maktabi,2893,0.65,0.20,26,24.6,0.390
41.15963,69.34049,"124-INTERNAT,Urtachirchiq,Tashkent",1166,0.8,0.30,536,30.3,0.682
41.21620,69.30413,337-sonli umumiy o'rta ta'lim maktabi,2520,0.65,0.46,1216,24.6,0.555
41.22027,69.33360,345-sonli umumiy o'rta ta'lim maktabi,53,0.8,1.07,1535,33.1,0.800
41.21623,69.32390,346-sonli umumiy o'rta ta'lim maktabi,876,0.8,1.07,1360,30.3,0.724
41.21369,69.34027,348-sonli umumiy o'rta ta'lim maktabi,457,0.8,1.07,1372,30.5,0.730
41.35788,69.36870,205-sonli ixtisoslashtirilgan davlat umu,368,0.8,1.59,60,30.7,0.453
41.34814,69.38723,120-sonli umumiy o'rta ta'lim maktabi,1145,0.65,1.59,60,24.6,0.227
41.32732,69.34510,241-sonli umumiy o'rta ta'lim maktabi,647,0.8,1.41,59,30.4,0.469
41.31800,69.35344,275-sonli umumiy o'rta ta'lim maktabi,235,0.8,1.19,59,31.2,0.510
41.32340,69.36110,338-sonli umumiy o'rta ta'lim maktabi,149,0.8,1.19,58,31.8,0.520
41.24688,69.29849,47-sonli umumiy o'rta ta'lim maktabi,286,0.8,1.01,45,30.9,0.524
41.28098,69.37031,339-sonli umumiy o'rta ta'lim maktabi,769,0.5,0.91,48,19.0,0.087
41.21272,69.19516,332-sonli umumiy o’rta ta’lim maktabi,212,0.65,1.03,27,25.4,0.302
41.18543,69.44025,33-sonli umumiy o'rta ta'lim maktabi,2700,0.8,0.68,46,30.3,0.556
41.34874,69.34041,190-sonli ayrim fanlar chuqur o'qitiladi,623,0.65,1.19,62,24.7,0.277
41.23254,69.35786,37-sonli umumiy o'rta ta'lim maktabi,1033,0.8,0.90,52,30.3,0.529
41.23706,69.37226,347-sonli umumiy o'rta ta'lim maktabi,632,0.65,1.18,51,24.7,0.276
41.33304,69.40699,343-sonli umumiy o'rta ta'lim maktabi,1048,0.8,0.72,56,30.3,0.552
41.22902,69.28047,352-sonli umumiy o'rta ta'lim maktabi,839,0.65,1.09,1005,24.6,0.443
41.23953,69.25469,353-sonli umumiy o'rta ta'lim maktabi,534,0.8,1.49,41,30.4,0.458
41.33951,69.22337,111-sonli umumiy o'rta ta'lim maktabi,96,0.8,1.03,43,32.4,0.547
41.33320,69.30405,99-sonli ayrim fanlar chuqur o'qitiladig,59,0.8,1.15,49,33.0,0.544
41.38716,69.26016,354-sonli umumiy o'rta ta'lim maktabi,937,0.8,1.57,51,30.3,0.447
41.32983,69.23000,1-sonli umumiy o'rta ta'lim maktabi,214,0.8,1.03,46,31.3,0.528
41.21877,69.18939,356-sonli umumiy o'rta ta'lim maktabi,540,0.65,0.69,33,24.7,0.333
41.28968,69.39062,341-sonli umumiy o'rta ta'lim maktabi,2571,0.8,0.58,50,30.3,0.568
41.32914,69.33672,171-sonli ayrim fanlar chuqur o'qitiladi,474,0.8,1.12,62,30.5,0.507
41.22496,69.29034,351-sonli umumiy o'rta ta'lim maktabi,1773,0.8,0.77,1142,30.3,0.725
41.33619,69.42859,344-sonli umumiy o'rta ta'lim maktabi,1103,0.65,0.47,43,24.6,0.360
41.28028,69.18673,355-sonli ayrim fanlar chuqur o'qitiladi,478,0.5,1.03,42,19.1,0.073
41.23602,69.23021,349-sonli umumiy o'rta ta'lim maktabi,884,0.8,1.00,44,30.3,0.516
41.24120,69.36622,358-sonli umumiy o'rta ta'lim maktabi,1310,0.65,0.90,50,24.6,0.308
41.37288,69.35213,Qibray tumani 42-maktab,1879,0.65,1.03,59,24.6,0.295
41.35772,69.36336,221-sonli umumiy o'rta ta'lim maktabi,309,0.8,1.32,58,30.8,0.488
41.21695,69.24616,350-sonli umumiy o'rta ta'lim maktabi,90,0.8,1.08,984,32.5,0.697
41.35082,69.31690,239-sonli ayrim fanlari chuqur o'qitilad,74,0.65,1.21,44,26.6,0.303
41.30383,69.40282,340-sonli umumiy o'rta ta'lim maktabi,2040,0.65,0.77,51,24.6,0.326
41.29953,69.13213,24-sonli umumiy o'rta ta'lim maktabi,1563,0.5,1.38,43,19.0,0.029
