lat,lon,name
42.92049026489258,74.61681365966797,СОШ г.Бишкек Свердловский р-н № 16
42.830039978027344,74.61587524414062,"СОШ г. Бишкек, Первомайский р-н № 86"
42.81841278076172,74.63082885742188,СОШ г.Бишкек Первомайский р-н №54
42.91579055786133,74.5696792602539,СОШ г.Бишкек Октябрьский р-н № 73
42.93655776977539,74.60596466064453,СОШ №87 г. Бишкек Свердловский р-н
42.93650436401367,74.62521362304688,СОШ г.Бишкек Свердловкий р-н № 94
42.92829513549805,74.63204193115234,Аблас Сулайманов атындагы орто мектеп
42.884769439697266,74.56291961669922,СОШ г.Бишкек Первомайский р-н № 81
42.86338424682617,74.47808074951172,СОШ г.Бишкек Ленинский р-н № 82
42.937503814697266,74.58949279785156,"Учреждение ""Средняя общеобразовательная школа №32 Свердловского района г.Бишкек"""
42.8038330078125,74.5538330078125,СОШ г.Бишкек Ленинский р-н № 84
42.906551361083984,74.61031341552734,СОШ  г.Бишкек Свердловский р-н № 46
42.92367172241211,74.59135437011719,СОШ г.Бишкек Октябрьский р-н № 88
42.841312408447266,74.51895904541016,СОШ г.Бишкек  Ленинский  р-н № 77
42.85285186767578,74.50471496582031,СОШ г.Бишкек Ленинский р-н № 96
42.84883499145508,74.58960723876953,СОШ г. Бишкек Первомайский р-н №19
42.88187026977539,74.52615356445312,ШГ г. Бишкек Октябрский р-н № 91
42.846778869628906,74.59586334228516,"ШГ Учреждение  ""Школа-гимназия №39 имени Бектурсуна Алымова"""
42.90778350830078,74.63788604736328,"СОШ Учреждение ""Аламудунская средняя общеобразовательная школа №1"""
42.917415618896484,74.63459777832031,"Учреждение "" Аламудунская средняя общеобразовательная школа №2"""
42.80918502807617,74.70881652832031,"СОШ Учреждение ""Кара-Жыгачская средняя общеобразовательная школа имени Каратала Табалдинова"""
42.80780029296875,74.65377044677734,"СОШ Учреждение ""Кок-Жарская средняя общеобразовательная школа имени Апаса Жумагулова"""
42.88491439819336,74.65675354003906,"ШГ Учреждение ""Лебединовская школа гимназия №1 имени Иманалы Айдарбекова Аламудунского района Чуйской области"""
42.8812255859375,74.67391204833984,"Учреждение ""Школа-гимназия №2 имени Желкайып Касымбаевой"""
42.90605926513672,74.67493438720703,"СШ Учреждение ""Лебединовская средняя школа №3"""
42.946231842041016,74.70034790039062,"СОШ ""Средняя общеобразовательная школа АГЭС-5"""
42.92987823486328,74.65442657470703,"Учреждение ""Неполная общеобразовательная   школа комплекс им.Джакыпбека Бердыбекова детский сад-школа с.Мыкан"""
42.92281723022461,74.570068359375,"СШ Учреждение ""Маевская средняя школа """
42.92566680908203,74.60328674316406,"СОШ Учреждение ""Нижне-Аларчинская средняя общеобразовательная школа Аламудунского района"""
42.92566680908203,74.60328674316406,"СШ Учреждение ""Верхне-Аларчинская средняя школа им.генерала С.Самсалиева"""
42.902034759521484,74.5526351928711,"СОШ Учреждение ""Пригородная средняя общеобразовательная школа """
42.93109130859375,74.5719985961914,"СОШ Учреждение ""Горно-Маевская средняя общеобразовательная школа имени Эркинбаева Шаршена"""
42.86860275268555,74.72982025146484,"СШ Учреждение ""Новопокровская средняя школа№1"""
42.87313461303711,74.7101821899414,"СШ Учреждение ""Средняя школа №3"""
42.80384826660156,74.74406433105469,"СШ Учреждение ""Средняя школа имени А.Сакебаева"""
42.94051742553711,74.72698211669922,"СШ Учреждение ""Средняя школа имени К.Айдарбекова Ысыкатинского района"""
42.94459915161133,74.48478698730469,"СШ Учреждение ""Раздольненская средняя школа """
42.7806282043457,74.4580307006836,"СШ Учреждение ""Средняя школа имени Нурлана Рахманова"""
42.87504196166992,74.46839904785156,Новопавловская средняя школа-гимназия Сокулукского района
42.87809371948242,74.48319244384766,Новопавловский инновационный учебно-воспитательный комплекс-лицей №1 им. Ч. Айтматова Сокулукского района Чуйской области
42.79458236694336,74.51239776611328,"ШГ Учреждение ""Школа-гимназия имени Рустамбека Мамыралиева"""
42.83489990234375,74.52369689941406,"СШ Учреждение ""Орокская средняя школа Сокулукского района"""
42.871826171875,74.54438018798828,"СОШ Учреждение ""Средняя общеобразовательная школа №50"""
42.879093170166016,74.58536529541016,"СОШ Учреждение ""Средняя общеобразовательная школа №2"""
42.86452865600586,74.56327819824219,"СОШ Учреждение ""Средняя общеобразовательная школа №7 Ленинского района г.Бишкек"""
42.870567321777344,74.57362365722656,СОШ Учреждение Общеобразовательная средняя школа № 8 имени Узакбая Абдукаимова
42.80601119995117,74.55975341796875,СОШ Средняя общеобразовательная школа №31
42.854366302490234,74.54188537597656,"СОШ Учреждение ""Средняя общеобразовательная школа №40"""
42.824161529541016,74.56193542480469,"СОШ Учреждение ""Средняя общеобразовательная школа №42 Ленинского района г.Бишкек"""
42.862361907958984,74.5447006225586,СОШ Средняя общеобразовательная школа №44
42.87186813354492,74.55786895751953,"СОШ Учреждение ""Средняя общеобразовательная школа №57 Ленинского района г.Бишкек"""
42.810630798339844,74.54866790771484,СОШ Средняя общеобразовательная школа №79
42.84112548828125,74.56394958496094,"ШГ Учреждение ""школа-гимназия №72 имени Абдыкерима Сыдыкова Ленинского района г.Бишкек"""
42.834476470947266,74.56732177734375,"СОШ Учреждение ""Средняя общеобразовательная школа №80"" имени Шералы Назаркулова Ленинского района г.Бишкек"""
42.86057662963867,74.53767395019531,"СОШ Учреждение ""Средняя общеобразовательная школа №59"""
42.81016159057617,74.53502655029297,"НСШ Учреждение ""Неполная средняя школа №90 Ленинского района г.Бишкек"""
42.872535705566406,74.5802001953125,"ШГ Учреждение ""школа-гимназия УВК Учебно-воспитательный комплекс №68 города Бишкек"""
42.86846160888672,74.58319091796875,"ШГ Учреждение ""Школа-гимназия №13 с углубленным изучением английского языка"""
42.85811996459961,74.57862854003906,"СОШ ""Средняя общеобразовательная школа-лицей №74 с углубленным изучением отдельных предметов и дополнительными услугами образования"""
42.879417419433594,74.57444763183594,"УВК Учреждение ""Учебно-воспитательный комплекс школа-гимназия №9"""
42.873634338378906,74.55785369873047,"ВШ Учреждение ""Образовательная организация ""Специальная (вспомогательная) школа №22 г.Бишкек"""
42.79999923706055,74.5,"ЛЦ Учpеждение ""Кыpгызский госудаpственный национальный военный лицей имени геpоя Советского Союза,генеpал-майоpа Асанова Даиpа Асановича"""
42.85057830810547,74.53943634033203,"ШИ Учреждение ""Художественная школа-интернат при Национальной Академии художеств Кыргызской Республики имени академика Тургунбая Садыкова"""
42.82046890258789,74.54927062988281,"СОШ Учреждение ""Средняя общеобразовательная школа №93"""
42.833152770996094,74.5654296875,"Учреждение общеобразовательная организация ""Учебно-воспитательный комплекс школа-гимназия №95"""
42.8514404296875,74.57969665527344,Средняя общеобразовательная школа №25
42.810672760009766,74.58283233642578,"СОШ Учреждение ""Средняя общеобразовательная школа №58"""
42.8735466003418,74.60808563232422,"УВК Учреждение ""Учебно-воспитательный комплекс школы-гимназии №17 имени А.С.Пушкина"""
42.87800598144531,74.54774475097656,"СОШ Учреждение ""Средняя общеобразовательная школа №3 Октябрьского района"""
42.890281677246094,74.57062530517578,"СОШ Учреждение ""Средняя общеобразовательная школа №14"" Октябрьского района г.Бишкек"
42.87694549560547,74.53751373291016,"СОШ Учреждение ""Средняя общеобразовательная школа №56 Октябрьского района г.Бишкек"""
42.890785217285156,74.5485610961914,"СОШ Учpеждение ""Сpедняя общеобpазовательная школа №60"" Октябрьского района г.Бишкек"
42.84592819213867,74.59847259521484,"УВК Учреждение ""Учебно-воспитательный комплекс школа гимназия №62"""
42.8948860168457,74.59205627441406,"СОШ Учреждение ""Средняя общеобразовательная школа-интернат №71 имени Тоголок Молдо для детей-сирот и детей, оставщихся попечения родителей Октябрьског"
42.875972747802734,74.60247802734375,Общеобразовательное учреждение учебно-воспитательный комплекс школа-гимназия №20 г.Бишкек
42.84054183959961,74.6269760131836,"ГК Учреждение ""Гимназия-комплекс №26 с углубленным изучением французского языка"""
42.88922119140625,74.5562744140625,"ШГ Учреждение ""школа-гимназия №37"""
42.85856246948242,74.60675811767578,"ШГ Учреждение ""школа-гимназия №63 имени Чынгыза Торокуловича Айтматова"""
42.85513687133789,74.60405731201172,"ШГ Учреждение ""школа-гимназия №64"""
42.85697937011719,74.6041488647461,"ВШ Учреждение Общеобразовательное организация ""Специальная (вспомогательная) школа №34"" г.Бишкек"
42.845298767089844,74.58171081542969,"Учреждение ""Средняя общеобразовательная школа №47"""
42.88945388793945,74.5566177368164,Средняя общеобразовательная школа №41
42.855621337890625,74.61522674560547,"СОШ Учреждение ""Средняя общеобразовательная школа №15"""
42.90438461303711,74.59454345703125,"СОШ Учреждение ""Средняя общеобразовательная школа №18 Первомайского района г.Бишкек"""
42.83290100097656,74.62674713134766,"СОШ Учреждение ""Средняя общеобразовательная школа №27"""
42.838653564453125,74.62644958496094,"ШГ Учреждение ""школа-гимназия №48"""
42.84283447265625,74.61150360107422,"СОШ ""Средняя общеобразовательная школа №49 им.А.Толубаева г.Бишкек"""
42.83784103393555,74.62312316894531,"ШГ Учреждение ""Школа-гимназия №24"" Первомайского района г.Бишкек"
42.86824035644531,74.60462951660156,"СОШ Учреждение ""Средняя общеобразовательная школа № 83"""
42.85602569580078,74.65523529052734,"ШГ Учреждение ""Муниципальное учреждение ""Общеобразовательная организация школа-гимназия №78"""
42.85192108154297,74.68576049804688,"УВК Учреждение муниципальное ""Учебно-воспитательный комплекс школа-гимназия №70"""
42.85548782348633,74.61258697509766,"УВК Учреждение ""Авторский учебно-воспитательный комплекс школа- гимназия №6 имени И.В.Панфилова"""
42.849395751953125,74.61760711669922,"СОШ Учреждение ""Средняя общеобразовательная школа-лицей №28"""
42.82636260986328,74.62259674072266,"ЛЦ Учреждение ""Лицей Кыргызского Государственного Технического Университета им.И.Раззакова"""
42.84033966064453,74.63856506347656,"СОШ Учреждение ""Средняя общеобразовательная школа-лицей №75"""
42.81486892700195,74.63585662841797,"УВК Учpеждение ""Учебно-воспитательный комплекс №69 Т.Сатылганова"""
42.85702133178711,74.61343383789062,"БГИ Учреждение ""Бишкекская гимназия-интернат №1 имени Абдылды Каниметова"""
42.8605842590332,74.6007308959961,"ШИ Учреждение ""Специальная общеобразовательная школа-интернат для слепых и слабовидящих детей"""
42.87891387939453,74.62155151367188,"ШГ Общеобразовательное учреждение ""Школа-гимназия №4 гуманитарно-правового направления г.Бишкек"""
42.886199951171875,74.60884094238281,"СОШ Учреждение ""Средняя общеобразовательная школа №10"""
42.88714599609375,74.59190368652344,ШКОЛА-ГИМНАЗИЯ № 33 С УГЛУБЛЁННЫМ ИЗУЧЕНИЕМ ЭКОНОМИКИ И ПРАВА
42.89069366455078,74.6005859375,"СОШ Учреждение ""Средняя общеобразовательная школа №35"""
42.884681701660156,74.63784790039062,"ШГ Учреждение ""Общеобразовательная школа-гимназия №51"" Свердловского района г.Бишкек"""
42.868526458740234,74.63333129882812,"СОШ Учреждение ""Средняя общеобразовательная школа №53"""
42.86967849731445,74.62644958496094,"УВК Учреждение ""Гимназия-учебно-воспитательный комплекс"" ""школа здоровья и развития"" №66"
42.87853240966797,74.68696594238281,"СОШ Учреждение ""Средняя общеобразовательная школа №1"""
42.86851501464844,74.62203979492188,"СОШ Учреждение ""Средняя общеобразовательная школа №11"""
42.872745513916016,74.64131927490234,"Учреждение ""Средняя общеобразовательная  школа №52"" Свердловского района города Бишкек"
42.868473052978516,74.70020294189453,"СОШ Учреждение ""Средняя общеобразовательная школа №89"""
42.883148193359375,74.63616180419922,СОШ  средняя общеобразовательная школа №45
42.8857307434082,74.62358093261719,"УВК Учреждение ""Учебно-воспитательный комплекс-гимназия №23 имени И.В.Гете"""
42.878807067871094,74.68280792236328,"УВК Учреждение ""Учебно-воспитательный комплекс школы-гимназии №38 имени Райкана Шукурбекова"""
42.871673583984375,74.61992645263672,"УВК ""Учебно-воспитательный комплекс школы-гимназии №12"""
42.85988998413086,74.60871887207031,"УВК Общеобразовательное учреждение ""Учебно-воспитательный комплекс школа-гиназия №67"""
42.87118148803711,74.6139144897461,"ШЛ Учреждение ""Национальная школа-лицей инновационных технологий имени профессора Айдаркана Молдокулова"""
42.869205474853516,74.61981964111328,"ЛЦ Учреждение ""Эколого-экономический лицей №65"""
42.88499450683594,74.61809539794922,"ШЛ Общеобразовательное учреждение ""Профессионально-техническая школа-лицей №76"""
42.87519836425781,74.61656951904297,"Учреждение Общеобразовательная организация ""Специальная (вспомогательная) школа №30"" г.Бишкек"
42.87875747680664,74.66216278076172,"ШИ Учреждение ""Специальная общеобразовательная школа-интернат для глухих детей"""
42.878883361816406,74.664306640625,"ШИ Учреждение ""Специальная общеобразовательная школа-интернат для слабослышащих и позднооглохших детей"""
42.87649917602539,74.55912780761719,"У-ие ""Вечерняя (сменная) общеобразовательная школа №10"""
42.8746223449707,74.56976318359375,Ошская Кара-Сууйский СШ №135 Бөдөнө 6170
42.904144287109375,74.59464263916016,Школа рабочей молодежи №7
