iso3,income_group,n_ref_monitors,n_anchor_cities,tier
ABW,HIC,0,0,adaptable_high_income
AFG,LIC,2,2,immediate
AGO,LMC,0,0,near_term_deploy_anchor
ALB,UMC,4,4,immediate
AND,HIC,1,1,adaptable_high_income
ARE,HIC,1,1,adaptable_high_income
ARG,UMC,5,3,immediate
ARM,UMC,1,1,immediate
ASM,HIC,0,0,adaptable_high_income
ATG,HIC,0,0,adaptable_high_income
AUS,HIC,220,101,adaptable_high_income
AUT,HIC,131,91,adaptable_high_income
AZE,UMC,1,1,immediate
BDI,LIC,0,0,near_term_deploy_anchor
BEL,HIC,121,66,adaptable_high_income
BEN,LMC,0,0,near_term_deploy_anchor
BFA,LIC,0,0,near_term_deploy_anchor
BGD,LMC,4,4,immediate
BGR,HIC,5,4,adaptable_high_income
BHR,HIC,1,1,adaptable_high_income
BHS,HIC,0,0,adaptable_high_income
BIH,UMC,18,14,immediate
BLR,UMC,0,0,near_term_deploy_anchor
BLZ,UMC,1,1,immediate
BMU,HIC,0,0,adaptable_high_income
BOL,LMC,0,0,near_term_deploy_anchor
BRA,UMC,66,25,immediate
BRB,HIC,0,0,adaptable_high_income
BRN,HIC,0,0,adaptable_high_income
BTN,LMC,0,0,near_term_deploy_anchor
BWA,UMC,0,0,near_term_deploy_anchor
CAF,LIC,0,0,near_term_deploy_anchor
CAN,HIC,272,35,adaptable_high_income
CHE,HIC,11,3,adaptable_high_income
CHI,HIC,0,0,adaptable_high_income
CHL,HIC,130,73,adaptable_high_income
CHN,UMC,1862,1119,immediate
CIV,LMC,1,1,immediate
CMR,LMC,0,0,near_term_deploy_anchor
COD,LIC,1,1,immediate
COG,LMC,0,0,near_term_deploy_anchor
COL,UMC,45,20,immediate
COM,LMC,0,0,near_term_deploy_anchor
CPV,UMC,0,0,near_term_deploy_anchor
CRI,HIC,1,1,adaptable_high_income
CUB,UMC,0,0,near_term_deploy_anchor
CUW,HIC,1,1,adaptable_high_income
CYM,HIC,0,0,adaptable_high_income
CYP,HIC,8,8,adaptable_high_income
CZE,HIC,63,48,adaptable_high_income
DEU,HIC,405,275,adaptable_high_income
DJI,LMC,0,0,near_term_deploy_anchor
DMA,UMC,0,0,near_term_deploy_anchor
DNK,HIC,0,0,adaptable_high_income
DOM,UMC,0,0,near_term_deploy_anchor
DZA,UMC,1,1,immediate
ECU,UMC,8,7,immediate
EGY,LMC,2,1,immediate
ERI,LIC,0,0,near_term_deploy_anchor
ESP,HIC,425,222,adaptable_high_income
EST,HIC,6,6,adaptable_high_income
ETH,INX,4,3,unclassified
FIN,HIC,35,21,adaptable_high_income
FJI,UMC,0,0,near_term_deploy_anchor
FRA,HIC,376,280,adaptable_high_income
FRO,HIC,0,0,adaptable_high_income
FSM,LMC,0,0,near_term_deploy_anchor
GAB,UMC,0,0,near_term_deploy_anchor
GBR,HIC,291,135,adaptable_high_income
GEO,UMC,0,0,near_term_deploy_anchor
GHA,LMC,10,3,immediate
GIB,HIC,1,1,adaptable_high_income
GIN,LMC,1,1,immediate
GMB,LIC,0,0,near_term_deploy_anchor
GNB,LIC,0,0,near_term_deploy_anchor
GNQ,UMC,0,0,near_term_deploy_anchor
GRC,HIC,32,17,adaptable_high_income
GRD,UMC,0,0,near_term_deploy_anchor
GRL,HIC,0,0,adaptable_high_income
GTM,UMC,3,2,immediate
GUM,HIC,0,0,adaptable_high_income
GUY,HIC,0,0,adaptable_high_income
HKG,HIC,14,6,adaptable_high_income
HND,LMC,0,0,near_term_deploy_anchor
HRV,HIC,9,9,adaptable_high_income
HTI,LMC,0,0,near_term_deploy_anchor
HUN,HIC,57,44,adaptable_high_income
IDN,UMC,8,6,immediate
IMN,HIC,0,0,adaptable_high_income
IND,LMC,655,413,immediate
IRL,HIC,69,38,adaptable_high_income
IRN,UMC,0,0,near_term_deploy_anchor
IRQ,UMC,2,2,immediate
ISL,HIC,12,5,adaptable_high_income
ISR,HIC,2,2,adaptable_high_income
ITA,HIC,226,194,adaptable_high_income
JAM,UMC,0,0,near_term_deploy_anchor
JOR,LMC,2,2,immediate
JPN,HIC,1121,2,adaptable_high_income
KAZ,UMC,2,1,immediate
KEN,LMC,9,4,immediate
KGZ,LMC,2,2,immediate
KHM,LMC,0,0,near_term_deploy_anchor
KIR,LMC,0,0,near_term_deploy_anchor
KNA,HIC,0,0,adaptable_high_income
KOR,HIC,760,3,adaptable_high_income
KWT,HIC,1,1,adaptable_high_income
LAO,LMC,3,3,immediate
LBN,LMC,0,0,near_term_deploy_anchor
LBR,LIC,0,0,near_term_deploy_anchor
LBY,UMC,0,0,near_term_deploy_anchor
LCA,UMC,0,0,near_term_deploy_anchor
LIE,HIC,0,0,adaptable_high_income
LKA,LMC,2,2,immediate
LSO,LMC,0,0,near_term_deploy_anchor
LTU,HIC,6,6,adaptable_high_income
LUX,HIC,4,1,adaptable_high_income
LVA,HIC,7,5,adaptable_high_income
MAC,HIC,0,0,adaptable_high_income
MAF,HIC,1,1,adaptable_high_income
MAR,LMC,0,0,near_term_deploy_anchor
MCO,HIC,0,0,adaptable_high_income
MDA,UMC,1,1,immediate
MDG,LIC,1,1,immediate
MDV,UMC,0,0,near_term_deploy_anchor
MEX,UMC,214,121,immediate
MHL,UMC,0,0,near_term_deploy_anchor
MKD,UMC,27,6,immediate
MLI,LIC,1,1,immediate
MLT,HIC,8,5,adaptable_high_income
MMR,LMC,1,1,immediate
MNE,UMC,7,6,immediate
MNG,UMC,11,6,immediate
MNP,HIC,0,0,adaptable_high_income
MOZ,LIC,3,2,immediate
MRT,LMC,0,0,near_term_deploy_anchor
MUS,UMC,0,0,near_term_deploy_anchor
MWI,LIC,0,0,near_term_deploy_anchor
MYS,UMC,3,3,immediate
NAM,LMC,0,0,near_term_deploy_anchor
NCL,HIC,0,0,adaptable_high_income
NER,LIC,0,0,near_term_deploy_anchor
NGA,LMC,4,3,immediate
NIC,LMC,0,0,near_term_deploy_anchor
NLD,HIC,65,38,adaptable_high_income
NOR,HIC,63,26,adaptable_high_income
NPL,LMC,2,1,immediate
NRU,HIC,0,0,adaptable_high_income
NZL,HIC,16,14,adaptable_high_income
OMN,HIC,0,0,adaptable_high_income
PAK,LMC,5,3,immediate
PAN,HIC,0,0,adaptable_high_income
PER,UMC,46,25,immediate
PHL,LMC,2,2,immediate
PLW,HIC,0,0,adaptable_high_income
PNG,LMC,0,0,near_term_deploy_anchor
POL,HIC,201,158,adaptable_high_income
PRI,HIC,4,3,adaptable_high_income
PRK,LIC,0,0,near_term_deploy_anchor
PRT,HIC,30,16,adaptable_high_income
PRY,UMC,1,1,immediate
PSE,LMC,0,0,near_term_deploy_anchor
PYF,HIC,0,0,adaptable_high_income
QAT,HIC,1,1,adaptable_high_income
ROU,HIC,79,27,adaptable_high_income
RUS,HIC,3,2,adaptable_high_income
RWA,LIC,2,2,immediate
SAU,HIC,5,4,adaptable_high_income
SDN,LIC,3,2,immediate
SEN,LMC,0,0,near_term_deploy_anchor
SGP,HIC,7,3,adaptable_high_income
SLB,LMC,0,0,near_term_deploy_anchor
SLE,LIC,0,0,near_term_deploy_anchor
SLV,UMC,0,0,near_term_deploy_anchor
SMR,HIC,0,0,adaptable_high_income
SOM,LIC,0,0,near_term_deploy_anchor
SRB,UMC,94,50,immediate
SSD,LIC,0,0,near_term_deploy_anchor
STP,LMC,0,0,near_term_deploy_anchor
SUR,UMC,0,0,near_term_deploy_anchor
SVK,HIC,74,54,adaptable_high_income
SVN,HIC,18,18,adaptable_high_income
SWE,HIC,100,37,adaptable_high_income
SWZ,LMC,0,0,near_term_deploy_anchor
SXM,HIC,0,0,adaptable_high_income
SYC,HIC,0,0,adaptable_high_income
SYR,LIC,0,0,near_term_deploy_anchor
TCA,HIC,0,0,adaptable_high_income
TCD,LIC,1,1,immediate
TGO,LIC,0,0,near_term_deploy_anchor
THA,UMC,267,110,immediate
TJK,LMC,2,2,immediate
TKM,UMC,2,2,immediate
TLS,LMC,0,0,near_term_deploy_anchor
TON,UMC,0,0,near_term_deploy_anchor
TTO,HIC,7,6,adaptable_high_income
TUN,LMC,0,0,near_term_deploy_anchor
TUR,UMC,188,68,immediate
TUV,UMC,0,0,near_term_deploy_anchor
TZA,LMC,0,0,near_term_deploy_anchor
UGA,LIC,2,2,immediate
UKR,UMC,0,0,near_term_deploy_anchor
URY,HIC,0,0,adaptable_high_income
USA,HIC,2209,946,adaptable_high_income
UZB,LMC,1,1,immediate
VCT,UMC,0,0,near_term_deploy_anchor
VEN,INX,0,0,unclassified
VGB,HIC,0,0,adaptable_high_income
VIR,HIC,0,0,adaptable_high_income
VNM,LMC,43,5,immediate
VUT,LMC,0,0,near_term_deploy_anchor
WSM,UMC,0,0,near_term_deploy_anchor
XKX,UMC,25,19,immediate
YEM,LIC,0,0,near_term_deploy_anchor
ZAF,UMC,139,36,immediate
ZMB,LMC,0,0,near_term_deploy_anchor
ZWE,LMC,0,0,near_term_deploy_anchor
