lat,lon,settlement_year,cohort,infiltration_obj
41.30757,69.30771,2005,1992-2010,0.65
41.25781,69.15703,1985,Soviet (<=1991),0.8
41.28917,69.24727,1985,Soviet (<=1991),0.8
41.29452,69.22287,1991,Soviet (<=1991),0.8
41.27442,69.26259,1985,Soviet (<=1991),0.8
41.33477,69.32621,1998,1992-2010,0.65
41.29757,69.25035,1985,Soviet (<=1991),0.8
41.26959,69.27191,1985,Soviet (<=1991),0.8
41.32152,69.24432,1985,Soviet (<=1991),0.8
41.31039,69.18156,1985,Soviet (<=1991),0.8
41.33904,69.28629,1985,Soviet (<=1991),0.8
41.30918,69.24363,1985,Soviet (<=1991),0.8
41.29912,69.35989,1985,Soviet (<=1991),0.8
41.33079,69.27806,1985,Soviet (<=1991),0.8
41.33492,69.25334,1985,Soviet (<=1991),0.8
41.35786,69.37442,1985,Soviet (<=1991),0.8
41.36822,69.27707,1985,Soviet (<=1991),0.8
41.27143,69.26051,1985,Soviet (<=1991),0.8
41.29696,69.27454,1985,Soviet (<=1991),0.8
41.36956,69.26831,2002,1992-2010,0.65
41.35811,69.21074,1985,Soviet (<=1991),0.8
41.27655,69.20515,1985,Soviet (<=1991),0.8
41.24605,69.21776,1985,Soviet (<=1991),0.8
41.38949,69.28002,1985,Soviet (<=1991),0.8
41.29416,69.24924,1985,Soviet (<=1991),0.8
41.26428,69.22366,1985,Soviet (<=1991),0.8
41.29017,69.25684,1985,Soviet (<=1991),0.8
41.33265,69.33001,2011,post-2010,0.5
41.29489,69.22553,1985,Soviet (<=1991),0.8
41.27923,69.30892,1985,Soviet (<=1991),0.8
41.32099,69.25186,1985,Soviet (<=1991),0.8
41.35853,69.23877,1985,Soviet (<=1991),0.8
41.36657,69.41696,1985,Soviet (<=1991),0.8
41.31806,69.29632,1985,Soviet (<=1991),0.8
41.29540,69.17737,1985,Soviet (<=1991),0.8
41.30797,69.28330,1985,Soviet (<=1991),0.8
41.37804,69.29543,2008,1992-2010,0.65
41.34371,69.21158,1985,Soviet (<=1991),0.8
41.34388,69.21176,1985,Soviet (<=1991),0.8
41.32526,69.25836,1985,Soviet (<=1991),0.8
41.32686,69.28369,1985,Soviet (<=1991),0.8
41.35644,69.17395,2007,1992-2010,0.65
41.29899,69.27502,1985,Soviet (<=1991),0.8
41.29319,69.34167,1991,Soviet (<=1991),0.8
41.32534,69.28632,1985,Soviet (<=1991),0.8
41.29466,69.27618,1985,Soviet (<=1991),0.8
41.31663,69.29094,1985,Soviet (<=1991),0.8
41.40881,69.14622,2011,post-2010,0.5
41.29461,69.25264,1991,Soviet (<=1991),0.8
41.30235,69.28747,1985,Soviet (<=1991),0.8
41.33796,69.20412,1985,Soviet (<=1991),0.8
41.31985,69.29519,1985,Soviet (<=1991),0.8
41.31307,69.24066,1985,Soviet (<=1991),0.8
41.30784,69.24497,1985,Soviet (<=1991),0.8
41.31800,69.29623,1985,Soviet (<=1991),0.8
41.32090,69.25323,1985,Soviet (<=1991),0.8
41.30742,69.26626,1985,Soviet (<=1991),0.8
41.32332,69.23791,1985,Soviet (<=1991),0.8
41.31977,69.29805,1997,1992-2010,0.65
41.34813,69.24192,1985,Soviet (<=1991),0.8
41.28281,69.19093,1985,Soviet (<=1991),0.8
41.32036,69.29993,1985,Soviet (<=1991),0.8
41.29898,69.39185,2002,1992-2010,0.65
41.34008,69.25151,1985,Soviet (<=1991),0.8
41.28458,69.17882,1985,Soviet (<=1991),0.8
41.28130,69.20243,1985,Soviet (<=1991),0.8
41.26096,69.19582,1985,Soviet (<=1991),0.8
41.28332,69.20189,1985,Soviet (<=1991),0.8
41.31845,69.32172,1985,Soviet (<=1991),0.8
41.30748,69.24518,1985,Soviet (<=1991),0.8
41.32424,69.24448,1985,Soviet (<=1991),0.8
41.29291,69.26500,1985,Soviet (<=1991),0.8
41.33609,69.20129,1997,1992-2010,0.65
41.30334,69.24753,1985,Soviet (<=1991),0.8
41.38084,69.27358,2001,1992-2010,0.65
41.26606,69.35623,1985,Soviet (<=1991),0.8
41.30786,69.28348,1994,1992-2010,0.65
41.29644,69.27376,1985,Soviet (<=1991),0.8
41.27622,69.20503,1985,Soviet (<=1991),0.8
41.35115,69.22212,1985,Soviet (<=1991),0.8
41.26611,69.16923,1985,Soviet (<=1991),0.8
41.29485,69.21824,1985,Soviet (<=1991),0.8
41.30678,69.24596,1985,Soviet (<=1991),0.8
41.28371,69.18348,2011,post-2010,0.5
41.28691,69.34744,1985,Soviet (<=1991),0.8
41.28691,69.34745,1985,Soviet (<=1991),0.8
41.28698,69.34758,1993,1992-2010,0.65
41.28708,69.34776,1985,Soviet (<=1991),0.8
41.35971,69.20503,1996,1992-2010,0.65
41.30161,69.27600,1985,Soviet (<=1991),0.8
41.31059,69.24326,1985,Soviet (<=1991),0.8
41.34805,69.35214,1985,Soviet (<=1991),0.8
41.33954,69.18112,1992,1992-2010,0.65
41.33958,69.17924,1991,Soviet (<=1991),0.8
41.29599,69.26756,1985,Soviet (<=1991),0.8
41.30813,69.24510,1985,Soviet (<=1991),0.8
41.34648,69.38345,1985,Soviet (<=1991),0.8
41.34880,69.38336,1985,Soviet (<=1991),0.8
41.41760,69.31166,1985,Soviet (<=1991),0.8
41.33504,69.35201,1985,Soviet (<=1991),0.8
41.34082,69.25012,1985,Soviet (<=1991),0.8
41.34405,69.22540,1991,Soviet (<=1991),0.8
41.33912,69.22322,1985,Soviet (<=1991),0.8
41.29736,69.25043,1985,Soviet (<=1991),0.8
41.32862,69.25724,1985,Soviet (<=1991),0.8
41.32353,69.25676,1985,Soviet (<=1991),0.8
41.31884,69.35742,1985,Soviet (<=1991),0.8
41.31627,69.21703,1991,Soviet (<=1991),0.8
41.34288,69.16954,1985,Soviet (<=1991),0.8
41.33276,69.32244,1985,Soviet (<=1991),0.8
41.34106,69.24929,1985,Soviet (<=1991),0.8
41.28860,69.21334,1998,1992-2010,0.65
41.28773,69.21269,1985,Soviet (<=1991),0.8
41.30658,69.27317,2002,1992-2010,0.65
41.29397,69.33719,1985,Soviet (<=1991),0.8
41.33632,69.21720,1985,Soviet (<=1991),0.8
41.29578,69.26166,1985,Soviet (<=1991),0.8
41.23479,69.21566,2007,1992-2010,0.65
41.23406,69.21614,2009,1992-2010,0.65
41.31841,69.28815,1985,Soviet (<=1991),0.8
41.32874,69.25724,1985,Soviet (<=1991),0.8
41.33616,69.24934,1985,Soviet (<=1991),0.8
41.33064,69.26441,1985,Soviet (<=1991),0.8
41.32824,69.29181,1985,Soviet (<=1991),0.8
41.32561,69.30280,1985,Soviet (<=1991),0.8
41.29501,69.25317,1985,Soviet (<=1991),0.8
41.29291,69.22018,1985,Soviet (<=1991),0.8
41.29471,69.22044,1985,Soviet (<=1991),0.8
41.25037,69.30734,1985,Soviet (<=1991),0.8
41.25036,69.30871,1985,Soviet (<=1991),0.8
41.24729,69.29867,1985,Soviet (<=1991),0.8
41.30419,69.27387,1985,Soviet (<=1991),0.8
41.28368,69.35086,1985,Soviet (<=1991),0.8
41.24677,69.30541,1985,Soviet (<=1991),0.8
41.35051,69.34335,2006,1992-2010,0.65
41.17747,69.24733,1995,1992-2010,0.65
41.29618,69.27847,1985,Soviet (<=1991),0.8
41.29296,69.36583,1991,Soviet (<=1991),0.8
41.29454,69.34648,1985,Soviet (<=1991),0.8
41.29497,69.34470,1985,Soviet (<=1991),0.8
41.30874,69.23502,1992,1992-2010,0.65
41.30831,69.23610,1985,Soviet (<=1991),0.8
41.36936,69.20893,2006,1992-2010,0.65
41.36947,69.21899,1985,Soviet (<=1991),0.8
41.36811,69.19837,2007,1992-2010,0.65
41.28196,69.28908,1985,Soviet (<=1991),0.8
41.36451,69.23207,1991,Soviet (<=1991),0.8
41.36399,69.23121,1985,Soviet (<=1991),0.8
41.36424,69.23173,1985,Soviet (<=1991),0.8
41.33130,69.32781,1985,Soviet (<=1991),0.8
41.27480,69.34558,1985,Soviet (<=1991),0.8
41.27583,69.35505,1985,Soviet (<=1991),0.8
41.27037,69.29447,2015,post-2010,0.5
41.27460,69.29794,1985,Soviet (<=1991),0.8
41.37926,69.30385,1985,Soviet (<=1991),0.8
41.36371,69.27886,1985,Soviet (<=1991),0.8
41.30121,69.30949,1985,Soviet (<=1991),0.8
41.28638,69.35529,1985,Soviet (<=1991),0.8
41.29165,69.36342,1985,Soviet (<=1991),0.8
41.33286,69.16855,1991,Soviet (<=1991),0.8
41.33965,69.18099,1992,1992-2010,0.65
41.33815,69.17057,1985,Soviet (<=1991),0.8
41.33979,69.17899,1991,Soviet (<=1991),0.8
41.31056,69.32376,1985,Soviet (<=1991),0.8
41.26545,69.14974,1985,Soviet (<=1991),0.8
41.26694,69.15526,1985,Soviet (<=1991),0.8
41.26046,69.15356,1985,Soviet (<=1991),0.8
41.27756,69.16665,1992,1992-2010,0.65
41.31878,69.22963,1985,Soviet (<=1991),0.8
41.37961,69.28471,1985,Soviet (<=1991),0.8
41.34782,69.38780,1985,Soviet (<=1991),0.8
41.34756,69.38498,1985,Soviet (<=1991),0.8
41.30550,69.21161,1985,Soviet (<=1991),0.8
41.30284,69.21653,1985,Soviet (<=1991),0.8
41.28615,69.19788,2002,1992-2010,0.65
41.30324,69.20695,1985,Soviet (<=1991),0.8
41.26199,69.22609,1985,Soviet (<=1991),0.8
41.28231,69.27548,1985,Soviet (<=1991),0.8
41.27632,69.21832,1985,Soviet (<=1991),0.8
41.28662,69.30467,1985,Soviet (<=1991),0.8
41.32321,69.31788,1985,Soviet (<=1991),0.8
41.29981,69.22850,1985,Soviet (<=1991),0.8
41.25966,69.32129,1985,Soviet (<=1991),0.8
41.28604,69.34223,1985,Soviet (<=1991),0.8
41.28487,69.34029,1985,Soviet (<=1991),0.8
41.33314,69.30394,1985,Soviet (<=1991),0.8
41.22096,69.33315,1985,Soviet (<=1991),0.8
41.28121,69.34718,1985,Soviet (<=1991),0.8
41.34655,69.24523,1985,Soviet (<=1991),0.8
41.29248,69.32990,1985,Soviet (<=1991),0.8
41.29430,69.34244,1985,Soviet (<=1991),0.8
41.28052,69.18735,1985,Soviet (<=1991),0.8
41.27435,69.19950,1985,Soviet (<=1991),0.8
41.27921,69.18993,2013,post-2010,0.5
41.32651,69.19904,1985,Soviet (<=1991),0.8
41.26418,69.18178,1985,Soviet (<=1991),0.8
41.33767,69.37367,1985,Soviet (<=1991),0.8
41.33842,69.37422,1985,Soviet (<=1991),0.8
41.35892,69.39279,1985,Soviet (<=1991),0.8
41.34807,69.38603,1985,Soviet (<=1991),0.8
41.29879,69.25781,1985,Soviet (<=1991),0.8
41.33546,69.24747,1985,Soviet (<=1991),0.8
41.33694,69.24897,1985,Soviet (<=1991),0.8
41.24539,69.33142,1985,Soviet (<=1991),0.8
41.27850,69.22267,1985,Soviet (<=1991),0.8
41.28541,69.25161,1985,Soviet (<=1991),0.8
41.33377,69.32736,1985,Soviet (<=1991),0.8
41.28860,69.21290,1985,Soviet (<=1991),0.8
41.28557,69.22083,1985,Soviet (<=1991),0.8
41.36391,69.19287,1985,Soviet (<=1991),0.8
41.34797,69.35194,1985,Soviet (<=1991),0.8
41.35562,69.21495,1985,Soviet (<=1991),0.8
41.27396,69.26341,1985,Soviet (<=1991),0.8
41.34634,69.36606,1985,Soviet (<=1991),0.8
41.33327,69.32494,1985,Soviet (<=1991),0.8
41.28424,69.35718,0,unknown,0.65
41.18762,69.44341,1985,Soviet (<=1991),0.8
41.24714,69.22456,1998,1992-2010,0.65
41.19815,69.20968,1985,Soviet (<=1991),0.8
41.31449,69.10673,1994,1992-2010,0.65
41.26895,69.31820,1985,Soviet (<=1991),0.8
41.28226,69.16654,1985,Soviet (<=1991),0.8
41.25297,69.34050,1985,Soviet (<=1991),0.8
41.25361,69.34719,1985,Soviet (<=1991),0.8
41.20115,69.25035,1985,Soviet (<=1991),0.8
41.24730,69.15596,1985,Soviet (<=1991),0.8
41.26878,69.30131,1985,Soviet (<=1991),0.8
41.25923,69.20082,1985,Soviet (<=1991),0.8
41.26801,69.17491,1985,Soviet (<=1991),0.8
41.26104,69.15730,1985,Soviet (<=1991),0.8
41.23529,69.19090,1985,Soviet (<=1991),0.8
41.21889,69.21615,1985,Soviet (<=1991),0.8
41.27082,69.15848,1993,1992-2010,0.65
41.30684,69.18915,1985,Soviet (<=1991),0.8
41.30237,69.18470,1985,Soviet (<=1991),0.8
41.35496,69.30257,1985,Soviet (<=1991),0.8
41.35203,69.29848,1985,Soviet (<=1991),0.8
41.30850,69.23549,1985,Soviet (<=1991),0.8
41.32611,69.22599,1993,1992-2010,0.65
41.26961,69.23471,1985,Soviet (<=1991),0.8
41.31889,69.35533,1985,Soviet (<=1991),0.8
41.21275,69.23325,1985,Soviet (<=1991),0.8
41.21599,69.24092,1985,Soviet (<=1991),0.8
41.25639,69.32918,1985,Soviet (<=1991),0.8
41.27725,69.31280,1985,Soviet (<=1991),0.8
41.31742,69.29814,1985,Soviet (<=1991),0.8
41.34023,69.33455,1985,Soviet (<=1991),0.8
41.32691,69.34523,1985,Soviet (<=1991),0.8
41.33574,69.21831,1985,Soviet (<=1991),0.8
41.28804,69.26004,1985,Soviet (<=1991),0.8
41.35419,69.23786,1998,1992-2010,0.65
41.37610,69.28697,1985,Soviet (<=1991),0.8
41.20724,69.21655,1985,Soviet (<=1991),0.8
41.25969,69.21163,1985,Soviet (<=1991),0.8
41.34175,69.20059,1985,Soviet (<=1991),0.8
41.25765,69.37605,0,unknown,0.65
41.41731,69.31239,1985,Soviet (<=1991),0.8
41.28558,69.19999,1996,1992-2010,0.65
41.20026,69.22853,1985,Soviet (<=1991),0.8
41.35466,69.38818,1985,Soviet (<=1991),0.8
41.32377,69.35348,1985,Soviet (<=1991),0.8
41.28627,69.17885,1995,1992-2010,0.65
41.20411,69.13903,2001,1992-2010,0.65
41.28281,69.19677,2014,post-2010,0.5
41.32459,69.27913,1985,Soviet (<=1991),0.8
41.31784,69.32208,1985,Soviet (<=1991),0.8
41.33455,69.43946,2008,1992-2010,0.65
41.22678,69.12486,2008,1992-2010,0.65
41.19007,69.13531,1985,Soviet (<=1991),0.8
41.36665,69.32385,2007,1992-2010,0.65
41.25585,69.42954,1999,1992-2010,0.65
41.32214,69.16243,1985,Soviet (<=1991),0.8
41.22711,69.21076,1997,1992-2010,0.65
41.24756,69.28785,1990,Soviet (<=1991),0.8
41.27812,69.28742,1985,Soviet (<=1991),0.8
41.24708,69.31426,1985,Soviet (<=1991),0.8
41.32052,69.34713,1985,Soviet (<=1991),0.8
41.36500,69.27599,1985,Soviet (<=1991),0.8
41.31348,69.20318,1985,Soviet (<=1991),0.8
41.31789,69.23436,1985,Soviet (<=1991),0.8
41.35721,69.32663,1985,Soviet (<=1991),0.8
41.35071,69.31691,1985,Soviet (<=1991),0.8
41.36991,69.28961,1991,Soviet (<=1991),0.8
41.37782,69.26227,1996,1992-2010,0.65
41.26403,69.21177,1985,Soviet (<=1991),0.8
41.34930,69.34287,1985,Soviet (<=1991),0.8
41.35107,69.34511,1985,Soviet (<=1991),0.8
41.26862,69.25018,1985,Soviet (<=1991),0.8
41.23859,69.25532,1992,1992-2010,0.65
41.25701,69.31804,1985,Soviet (<=1991),0.8
41.24731,69.29133,1985,Soviet (<=1991),0.8
41.33285,69.22354,1985,Soviet (<=1991),0.8
41.28298,69.34457,1985,Soviet (<=1991),0.8
41.28274,69.18569,2012,post-2010,0.5
41.29903,69.35864,1999,1992-2010,0.65
41.27374,69.27554,1985,Soviet (<=1991),0.8
41.37257,69.23836,1993,1992-2010,0.65
41.36960,69.29957,1985,Soviet (<=1991),0.8
41.39154,69.25251,1985,Soviet (<=1991),0.8
41.37053,69.28329,1995,1992-2010,0.65
41.36700,69.29792,1985,Soviet (<=1991),0.8
41.37487,69.31495,1985,Soviet (<=1991),0.8
41.37269,69.28073,1985,Soviet (<=1991),0.8
41.37569,69.31676,1994,1992-2010,0.65
41.36554,69.31116,1999,1992-2010,0.65
41.36890,69.31896,1985,Soviet (<=1991),0.8
41.36823,69.20132,1985,Soviet (<=1991),0.8
41.21750,69.26462,2005,1992-2010,0.65
41.31069,69.18098,1985,Soviet (<=1991),0.8
41.31452,69.16401,1991,Soviet (<=1991),0.8
41.30825,69.16901,1985,Soviet (<=1991),0.8
41.28010,69.18831,1985,Soviet (<=1991),0.8
41.37811,69.30220,2002,1992-2010,0.65
41.36998,69.26828,1985,Soviet (<=1991),0.8
41.37033,69.30612,1985,Soviet (<=1991),0.8
41.37935,69.30372,1985,Soviet (<=1991),0.8
41.35887,69.28347,1996,1992-2010,0.65
41.28290,69.17323,2002,1992-2010,0.65
41.28102,69.17483,1985,Soviet (<=1991),0.8
41.33141,69.37228,1985,Soviet (<=1991),0.8
41.35437,69.38220,1985,Soviet (<=1991),0.8
41.36296,69.38918,1995,1992-2010,0.65
41.30902,69.19886,1985,Soviet (<=1991),0.8
41.31008,69.24561,1985,Soviet (<=1991),0.8
41.36837,69.26572,1998,1992-2010,0.65
41.26615,69.16936,1985,Soviet (<=1991),0.8
41.37753,69.27731,1985,Soviet (<=1991),0.8
41.27419,69.19804,2008,1992-2010,0.65
41.29929,69.22922,1985,Soviet (<=1991),0.8
41.29547,69.21224,1985,Soviet (<=1991),0.8
41.27154,69.34962,1985,Soviet (<=1991),0.8
41.26619,69.35537,1985,Soviet (<=1991),0.8
41.23431,69.35101,1985,Soviet (<=1991),0.8
41.23374,69.33908,1985,Soviet (<=1991),0.8
41.31345,69.23258,1985,Soviet (<=1991),0.8
41.34456,69.24105,1985,Soviet (<=1991),0.8
41.34819,69.34082,1985,Soviet (<=1991),0.8
41.30418,69.15743,1985,Soviet (<=1991),0.8
41.29832,69.16779,1985,Soviet (<=1991),0.8
41.29855,69.15902,1985,Soviet (<=1991),0.8
41.32111,69.17399,1985,Soviet (<=1991),0.8
41.29345,69.19051,2012,post-2010,0.5
41.28925,69.17886,1985,Soviet (<=1991),0.8
41.34428,69.22300,2012,post-2010,0.5
41.29573,69.18165,1985,Soviet (<=1991),0.8
41.24731,69.28523,1985,Soviet (<=1991),0.8
41.26840,69.18521,1985,Soviet (<=1991),0.8
41.26658,69.20539,1985,Soviet (<=1991),0.8
41.29156,69.14454,1985,Soviet (<=1991),0.8
41.27719,69.29318,1985,Soviet (<=1991),0.8
41.38443,69.22004,1994,1992-2010,0.65
41.34105,69.25030,1985,Soviet (<=1991),0.8
41.32508,69.18767,1985,Soviet (<=1991),0.8
41.28272,69.22676,1985,Soviet (<=1991),0.8
41.35268,69.18519,1985,Soviet (<=1991),0.8
41.33963,69.26372,1985,Soviet (<=1991),0.8
41.35765,69.36895,1997,1992-2010,0.65
41.21507,69.22883,1991,Soviet (<=1991),0.8
41.22481,69.36700,1991,Soviet (<=1991),0.8
41.32954,69.28769,1985,Soviet (<=1991),0.8
41.32943,69.28939,1985,Soviet (<=1991),0.8
41.27384,69.26536,1985,Soviet (<=1991),0.8
41.24291,69.32478,1985,Soviet (<=1991),0.8
41.32454,69.17095,1985,Soviet (<=1991),0.8
41.25332,69.15053,1985,Soviet (<=1991),0.8
41.34213,69.16905,0,unknown,0.65
41.21002,69.22402,1985,Soviet (<=1991),0.8
41.22186,69.21406,1985,Soviet (<=1991),0.8
41.27359,69.23025,1985,Soviet (<=1991),0.8
41.34226,69.20742,1985,Soviet (<=1991),0.8
41.33375,69.20522,1985,Soviet (<=1991),0.8
41.24889,69.31085,2014,post-2010,0.5
41.33265,69.26287,1985,Soviet (<=1991),0.8
41.30288,69.30726,1985,Soviet (<=1991),0.8
41.40963,69.17828,1985,Soviet (<=1991),0.8
41.29082,69.15947,1985,Soviet (<=1991),0.8
41.31520,69.17477,1985,Soviet (<=1991),0.8
41.33977,69.29677,1985,Soviet (<=1991),0.8
41.26364,69.19365,1996,1992-2010,0.65
41.39583,69.20453,1994,1992-2010,0.65
41.40641,69.19589,1985,Soviet (<=1991),0.8
41.40051,69.19472,1985,Soviet (<=1991),0.8
41.29559,69.20800,1985,Soviet (<=1991),0.8
41.19475,69.21182,0,unknown,0.65
41.33609,69.35245,0,unknown,0.65
41.35354,69.33491,1985,Soviet (<=1991),0.8
41.26740,69.16545,1995,1992-2010,0.65
41.35745,69.23344,1985,Soviet (<=1991),0.8
41.31336,69.22740,1985,Soviet (<=1991),0.8
41.29214,69.17235,1985,Soviet (<=1991),0.8
41.34373,69.30108,1985,Soviet (<=1991),0.8
41.31598,69.20911,1985,Soviet (<=1991),0.8
41.28223,69.36718,1985,Soviet (<=1991),0.8
41.35694,69.36437,1992,1992-2010,0.65
41.35863,69.36447,1985,Soviet (<=1991),0.8
41.35874,69.39268,1985,Soviet (<=1991),0.8
41.17928,69.13341,1985,Soviet (<=1991),0.8
41.37134,69.27039,1992,1992-2010,0.65
41.33813,69.37365,1985,Soviet (<=1991),0.8
41.34051,69.37183,1985,Soviet (<=1991),0.8
41.38604,69.17089,1985,Soviet (<=1991),0.8
41.27216,69.27492,1985,Soviet (<=1991),0.8
41.24319,69.14207,1985,Soviet (<=1991),0.8
41.39357,69.35298,1985,Soviet (<=1991),0.8
41.38432,69.35805,1985,Soviet (<=1991),0.8
41.32569,69.28790,1985,Soviet (<=1991),0.8
41.35673,69.17401,2007,1992-2010,0.65
41.37265,69.32503,2008,1992-2010,0.65
41.18820,69.32889,1991,Soviet (<=1991),0.8
41.32698,69.25779,1985,Soviet (<=1991),0.8
41.35325,69.23285,1985,Soviet (<=1991),0.8
41.32298,69.24765,1985,Soviet (<=1991),0.8
41.34947,69.26634,1985,Soviet (<=1991),0.8
41.15450,69.38674,0,unknown,0.65
41.15882,69.34582,1991,Soviet (<=1991),0.8
41.33982,69.23272,1985,Soviet (<=1991),0.8
41.30354,69.11018,1992,1992-2010,0.65
41.33521,69.19917,1985,Soviet (<=1991),0.8
41.29915,69.26525,1992,1992-2010,0.65
41.34598,69.17562,1992,1992-2010,0.65
41.30847,69.33958,1985,Soviet (<=1991),0.8
41.28493,69.32738,1985,Soviet (<=1991),0.8
41.33558,69.23279,1985,Soviet (<=1991),0.8
41.35113,69.25405,1985,Soviet (<=1991),0.8
41.26339,69.18277,1985,Soviet (<=1991),0.8
41.32336,69.20706,1985,Soviet (<=1991),0.8
41.28549,69.22849,1991,Soviet (<=1991),0.8
41.41660,69.31025,1985,Soviet (<=1991),0.8
41.33578,69.28604,1985,Soviet (<=1991),0.8
41.21373,69.33995,1985,Soviet (<=1991),0.8
41.35962,69.22073,1985,Soviet (<=1991),0.8
41.31690,69.18171,1985,Soviet (<=1991),0.8
41.31655,69.18219,1985,Soviet (<=1991),0.8
41.30956,69.22061,1985,Soviet (<=1991),0.8
41.28733,69.22439,2001,1992-2010,0.65
41.22868,69.20921,0,unknown,0.65
41.22409,69.29112,1998,1992-2010,0.65
41.34198,69.16760,0,unknown,0.65
41.34232,69.16760,0,unknown,0.65
41.34526,69.21709,1985,Soviet (<=1991),0.8
41.33120,69.38154,0,unknown,0.65
41.28205,69.13844,1992,1992-2010,0.65
41.30730,69.13249,1985,Soviet (<=1991),0.8
41.22383,69.20306,0,unknown,0.65
41.35235,69.28635,2003,1992-2010,0.65
41.16653,69.30598,0,unknown,0.65
41.32666,69.26100,1985,Soviet (<=1991),0.8
41.33695,69.31733,1985,Soviet (<=1991),0.8
41.21582,69.30477,2005,1992-2010,0.65
41.33418,69.43978,0,unknown,0.65
41.32996,69.22977,1985,Soviet (<=1991),0.8
41.22282,69.20368,0,unknown,0.65
41.32914,69.29415,1997,1992-2010,0.65
41.33811,69.34226,1985,Soviet (<=1991),0.8
41.34901,69.27539,1985,Soviet (<=1991),0.8
41.19047,69.12676,2005,1992-2010,0.65
41.19934,69.15958,1991,Soviet (<=1991),0.8
41.20668,69.24362,0,unknown,0.65
41.21109,69.19867,0,unknown,0.65
41.28433,69.29757,1985,Soviet (<=1991),0.8
41.32629,69.24338,1985,Soviet (<=1991),0.8
41.33000,69.24229,1985,Soviet (<=1991),0.8
41.31968,69.24362,0,unknown,0.65
41.27966,69.11850,1985,Soviet (<=1991),0.8
41.25163,69.09892,1985,Soviet (<=1991),0.8
41.33564,69.11180,1994,1992-2010,0.65
41.24316,69.14524,1992,1992-2010,0.65
41.23614,69.23001,1985,Soviet (<=1991),0.8
41.33182,69.13074,2011,post-2010,0.5
41.19193,69.15311,2003,1992-2010,0.65
41.17370,69.15971,1985,Soviet (<=1991),0.8
41.21804,69.16174,1985,Soviet (<=1991),0.8
41.22909,69.28012,2011,post-2010,0.5
41.33080,69.15151,1985,Soviet (<=1991),0.8
41.22240,69.10655,1985,Soviet (<=1991),0.8
41.18680,69.15560,2005,1992-2010,0.65
41.20185,69.16489,2008,1992-2010,0.65
41.22732,69.13045,1985,Soviet (<=1991),0.8
41.20797,69.18540,2002,1992-2010,0.65
41.35517,69.14327,1992,1992-2010,0.65
41.36179,69.11647,1985,Soviet (<=1991),0.8
41.37746,69.14269,1985,Soviet (<=1991),0.8
41.41100,69.22973,1985,Soviet (<=1991),0.8
41.41577,69.19874,1985,Soviet (<=1991),0.8
41.41995,69.26669,2000,1992-2010,0.65
41.40609,69.21867,2007,1992-2010,0.65
41.40594,69.26689,1991,Soviet (<=1991),0.8
41.40178,69.28492,1995,1992-2010,0.65
41.38494,69.32200,0,unknown,0.65
41.36971,69.16733,2005,1992-2010,0.65
41.41380,69.19431,1992,1992-2010,0.65
41.22446,69.40610,2000,1992-2010,0.65
41.27768,69.44768,2014,post-2010,0.5
41.25385,69.40303,1985,Soviet (<=1991),0.8
41.19707,69.41647,2004,1992-2010,0.65
41.18341,69.35639,1985,Soviet (<=1991),0.8
41.15190,69.45075,1985,Soviet (<=1991),0.8
41.15271,69.42214,1985,Soviet (<=1991),0.8
41.37124,69.38144,1985,Soviet (<=1991),0.8
41.36680,69.41246,2001,1992-2010,0.65
41.39114,69.39886,1985,Soviet (<=1991),0.8
41.36677,69.44048,2004,1992-2010,0.65
41.34817,69.43183,1985,Soviet (<=1991),0.8
41.33302,69.40657,1985,Soviet (<=1991),0.8
41.40866,69.39549,1985,Soviet (<=1991),0.8
41.40708,69.30840,1985,Soviet (<=1991),0.8
41.28964,69.39082,1985,Soviet (<=1991),0.8
41.36028,69.34431,1985,Soviet (<=1991),0.8
41.18636,69.31763,1985,Soviet (<=1991),0.8
41.15807,69.27219,2007,1992-2010,0.65
41.18128,69.29631,2014,post-2010,0.5
41.14966,69.29273,0,unknown,0.65
41.21620,69.32388,1985,Soviet (<=1991),0.8
41.15469,69.24861,1993,1992-2010,0.65
41.18159,69.11066,1999,1992-2010,0.65
41.20712,69.10617,2006,1992-2010,0.65
41.15976,69.11444,1985,Soviet (<=1991),0.8
41.16203,69.18857,0,unknown,0.65
41.16148,69.10773,1985,Soviet (<=1991),0.8
41.40254,69.44426,0,unknown,0.65
41.30720,69.24763,1985,Soviet (<=1991),0.8
41.23752,69.17177,1985,Soviet (<=1991),0.8
41.33901,69.26494,1985,Soviet (<=1991),0.8
41.16854,69.21849,0,unknown,0.65
41.21257,69.19544,0,unknown,0.65
41.22361,69.18335,1985,Soviet (<=1991),0.8
41.36945,69.21016,1985,Soviet (<=1991),0.8
41.36002,69.21915,1985,Soviet (<=1991),0.8
41.29201,69.20364,2002,1992-2010,0.65
41.32884,69.25691,1985,Soviet (<=1991),0.8
41.28068,69.18765,1985,Soviet (<=1991),0.8
41.39128,69.10351,1995,1992-2010,0.65
41.39824,69.11466,1985,Soviet (<=1991),0.8
41.39833,69.11991,1985,Soviet (<=1991),0.8
41.40885,69.14654,2011,post-2010,0.5
41.41076,69.15568,2000,1992-2010,0.65
41.33512,69.24813,1985,Soviet (<=1991),0.8
41.31361,69.28263,1985,Soviet (<=1991),0.8
41.32959,69.22031,1985,Soviet (<=1991),0.8
41.19993,69.22222,1985,Soviet (<=1991),0.8
41.19813,69.21787,1985,Soviet (<=1991),0.8
41.21873,69.18896,0,unknown,0.65
41.17237,69.20714,0,unknown,0.65
41.17000,69.12477,1985,Soviet (<=1991),0.8
41.20612,69.12077,2001,1992-2010,0.65
41.27966,69.10286,2009,1992-2010,0.65
41.30731,69.13721,1985,Soviet (<=1991),0.8
41.27211,69.14126,1985,Soviet (<=1991),0.8
41.24079,69.36633,0,unknown,0.65
41.38536,69.41349,2009,1992-2010,0.65
41.37721,69.43337,1991,Soviet (<=1991),0.8
41.35658,69.35368,1985,Soviet (<=1991),0.8
41.39960,69.36546,2015,post-2010,0.5
41.41602,69.42606,1985,Soviet (<=1991),0.8
41.39871,69.33697,2003,1992-2010,0.65
41.41949,69.36660,2003,1992-2010,0.65
41.28737,69.42734,0,unknown,0.65
41.22157,69.21670,1985,Soviet (<=1991),0.8
41.37929,69.30494,1985,Soviet (<=1991),0.8
41.35143,69.22481,2011,post-2010,0.5
41.35651,69.37348,1997,1992-2010,0.65
41.26589,69.23059,1985,Soviet (<=1991),0.8
41.32648,69.31822,1985,Soviet (<=1991),0.8
41.34324,69.23270,1985,Soviet (<=1991),0.8
41.29911,69.25540,1985,Soviet (<=1991),0.8
41.26455,69.15287,2007,1992-2010,0.65
41.27318,69.19522,2013,post-2010,0.5
41.36491,69.26260,1992,1992-2010,0.65
41.29303,69.18695,2012,post-2010,0.5
41.26675,69.23750,1985,Soviet (<=1991),0.8
41.36551,69.19143,1985,Soviet (<=1991),0.8
41.26164,69.15788,1985,Soviet (<=1991),0.8
41.33505,69.36696,2007,1992-2010,0.65
41.22248,69.21675,1985,Soviet (<=1991),0.8
41.31726,69.31400,1985,Soviet (<=1991),0.8
41.26650,69.31740,1985,Soviet (<=1991),0.8
41.31997,69.22897,1985,Soviet (<=1991),0.8
41.34272,69.38883,1985,Soviet (<=1991),0.8
41.22098,69.21750,1985,Soviet (<=1991),0.8
41.25178,69.20195,1985,Soviet (<=1991),0.8
41.28200,69.13842,1992,1992-2010,0.65
41.30424,69.28791,1985,Soviet (<=1991),0.8
41.29936,69.26529,1985,Soviet (<=1991),0.8
41.27562,69.28940,1985,Soviet (<=1991),0.8
41.29346,69.27365,1985,Soviet (<=1991),0.8
41.30808,69.29334,1985,Soviet (<=1991),0.8
41.29195,69.26264,1985,Soviet (<=1991),0.8
41.27700,69.17715,1995,1992-2010,0.65
41.29597,69.28345,1985,Soviet (<=1991),0.8
41.32960,69.32436,1985,Soviet (<=1991),0.8
41.29269,69.29936,1985,Soviet (<=1991),0.8
41.29020,69.31857,1985,Soviet (<=1991),0.8
41.37698,69.31591,1985,Soviet (<=1991),0.8
41.35749,69.28978,1985,Soviet (<=1991),0.8
41.33036,69.27860,1985,Soviet (<=1991),0.8
41.31100,69.29289,1985,Soviet (<=1991),0.8
41.28705,69.16756,1993,1992-2010,0.65
41.31990,69.27691,1997,1992-2010,0.65
41.35538,69.19116,1985,Soviet (<=1991),0.8
41.35811,69.18423,1985,Soviet (<=1991),0.8
41.28238,69.23681,1985,Soviet (<=1991),0.8
41.28532,69.22110,1985,Soviet (<=1991),0.8
41.32940,69.33687,1985,Soviet (<=1991),0.8
41.19061,69.21089,1985,Soviet (<=1991),0.8
41.25955,69.25643,1985,Soviet (<=1991),0.8
