id,lat,lon
1180419912,41.3075749,69.3077066
2004078172,41.2578075,69.1570262
2004974900,41.2891696,69.2472683
3784376588,41.294518,69.2228706
4107186236,41.274424,69.2625869
4201939211,41.3347654,69.3262141
4230430189,41.2975711,69.2503495
4250502089,41.2695894,69.2719071
4324635890,41.3215198,69.2443218
4351398338,41.3103935,69.1815584
4365345989,41.3390371,69.286293
4383568590,41.30918,69.2436331
4417623691,41.2991248,69.3598926
4458744192,41.3307891,69.2780603
4491087631,41.3349162,69.2533366
4501763389,41.3578554,69.3744157
4545878493,41.3682178,69.2770659
4568572890,41.2714342,69.2605121
4571199590,41.2969597,69.2745388
4599535443,41.3695636,69.2683091
4631127991,41.3581148,69.2107439
4660450836,41.2765469,69.2051479
4664846389,41.246048,69.2177588
4681352012,41.3894886,69.280023
4686462489,41.2941586,69.249242
4702018821,41.2642822,69.2236568
4709304491,41.2901677,69.2568445
4725497189,41.332647,69.330009
4736555530,41.2948857,69.2255273
4827454123,41.2792344,69.3089245
4871579441,41.3209937,69.251855
4883606322,41.3585326,69.2387723
4908530121,41.3665663,69.416964
4917007824,41.3180617,69.2963209
4958547522,41.2954041,69.1773691
4959260022,41.3079669,69.2832979
4983713522,41.3780399,69.2954328
4988602621,41.3437051,69.211581
4994993721,41.3438789,69.2117598
5010791321,41.3252554,69.2583552
5024313132,41.326863,69.2836857
5024313133,41.3564359,69.1739453
5029228621,41.2989863,69.2750183
5033457125,41.2931949,69.3416688
5063843123,41.3253376,69.2863241
5107757139,41.2946596,69.2761808
5124292621,41.316631,69.2909356
5152089242,41.4088131,69.1462193
5164966221,41.2946071,69.2526358
5196783922,41.3023515,69.2874748
5236227722,41.3379587,69.2041177
5261678931,41.319845,69.2951883
5400913721,41.3130749,69.2406631
5410477729,41.3078429,69.2449675
5472013226,41.3180017,69.2962325
5542757921,41.320899,69.2532262
5555220122,41.3074226,69.2662579
5604957121,41.3233155,69.2379144
5749477825,41.3197746,69.298048
5813933754,41.3481338,69.2419168
5829827485,41.2828073,69.1909342
5872431241,41.3203602,69.2999334
5878352387,41.2989842,69.3918476
5898516086,41.3400778,69.2515143
5913576685,41.2845793,69.1788169
5948000685,41.2813039,69.2024317
6187425285,41.260958,69.1958243
6311046385,41.2833169,69.2018852
6322902038,41.3184542,69.3217188
6341459385,41.3074848,69.2451783
6484582189,41.3242377,69.2444821
6541814786,41.2929061,69.2649965
6575867287,41.3360853,69.2012862
6669943280,41.3033418,69.2475289
6711458386,41.3808367,69.2735763
6746261485,41.2660623,69.3562322
6992804485,41.3078552,69.2834842
7014223986,41.2964373,69.2737559
7126647585,41.2762204,69.2050324
7128077385,41.3511481,69.2221184
7197292285,41.2661116,69.1692335
7278727185,41.2948523,69.2182419
7328021988,41.3067811,69.245965
7462709515,41.2837137,69.183477
7783396355,41.2869051,69.3474383
7783396356,41.286911,69.3474494
7783396360,41.2869806,69.3475784
7783396364,41.2870843,69.3477572
8105817617,41.3597137,69.205025
8169387717,41.3016069,69.2759956
8282187517,41.3105865,69.243263
8363278817,41.3480548,69.3521386
8656415418,41.3395385,69.1811163
8656471318,41.3395826,69.1792391
8678105417,41.2959869,69.2675615
8772421817,41.3081255,69.2450972
9312218517,41.3464837,69.3834495
9619874017,41.348795,69.383365
10064895778,41.4176009,69.3116624
10312733409,41.3350399,69.3520096
10548551156,41.3408208,69.250123
10593514111,41.3440496,69.2253993
10593921456,41.3391245,69.2232174
10693308304,41.2973634,69.2504287
11290219807,41.3286214,69.2572358
11313736813,41.3235294,69.2567611
11331050269,41.318837,69.3574191
11397406244,41.3162656,69.2170269
11468873559,41.3428838,69.1695408
12995784756,41.3327554,69.3224377
13154403934,41.3410604,69.2492853
13233308915,41.2886033,69.2133354
13233308916,41.2877309,69.2126914
13343351201,41.3065752,69.2731724
13515690726,41.293968,69.3371888
13795606564,41.3363238,69.2172034
13799873677,41.2957753,69.2616605
13800146152,41.2347884,69.2156639
13800146153,41.2340643,69.216144
32035038,41.3184136,69.2881489
32721490,41.3287385,69.2572402
32722863,41.3361597,69.2493399
32780975,41.3306406,69.264415
32814872,41.3282373,69.2918125
32924133,41.3256079,69.3027977
34134045,41.2950065,69.2531654
44352854,41.2929142,69.220177
44421903,41.2947069,69.2204423
81524091,41.2503659,69.3073414
81524095,41.2503558,69.3087119
82171728,41.247288,69.2986695
82506903,41.3041885,69.2738679
84101064,41.2836811,69.3508618
84629381,41.2467717,69.3054114
87658671,41.3505102,69.34335
87695698,41.1774676,69.2473334
87907876,41.2961824,69.2784726
88493005,41.292963,69.3658327
88815359,41.2945437,69.3464801
88815398,41.2949709,69.3447034
89040387,41.308741,69.2350219
89040456,41.3083104,69.2361006
91538812,41.3693555,69.2089297
91538833,41.3694733,69.2189942
91709939,41.3681075,69.1983737
91737390,41.2819611,69.2890829
91896164,41.3645055,69.2320711
91896165,41.3639856,69.2312097
91896205,41.364239,69.2317346
94402975,41.3313005,69.3278055
95810357,41.2747954,69.3455768
95810361,41.2758272,69.3550545
98666999,41.2703713,69.2944732
98672286,41.2746029,69.2979353
100955848,41.3792617,69.3038538
102137316,41.3637067,69.2788579
103024579,41.3012145,69.3094947
103133043,41.2863776,69.3552864
103133044,41.2916463,69.36342
103252457,41.3328631,69.168547
103253147,41.3396493,69.1809877
103253159,41.3381485,69.1705685
103253164,41.3397902,69.1789915
103256244,41.3105561,69.3237603
103262063,41.2654546,69.1497443
103268264,41.2669431,69.1552646
103268270,41.2604602,69.1535624
103268468,41.2775561,69.1666471
103531589,41.3187842,69.2296295
103648249,41.3796097,69.284705
104105895,41.3478248,69.3878014
104105896,41.3475631,69.3849798
104229582,41.3055017,69.2116067
104229600,41.3028423,69.2165264
104486971,41.2861494,69.1978795
104488318,41.3032448,69.2069471
106438302,41.2619866,69.2260941
106872116,41.2823063,69.2754843
106873135,41.2763174,69.2183178
107072971,41.2866192,69.3046662
107473961,41.3232105,69.317883
107531513,41.2998117,69.2285004
108331886,41.2596598,69.3212884
108435300,41.2860352,69.342228
108435302,41.284867,69.340295
108589676,41.3331425,69.3039408
109394472,41.2209608,69.333154
109617892,41.2812095,69.3471841
110245197,41.3465451,69.2452275
110772069,41.2924773,69.3298985
110847050,41.2943016,69.3424373
110852584,41.2805249,69.1873482
110862338,41.2743497,69.1994979
115084462,41.2792113,69.1899279
115955556,41.3265113,69.1990447
118459412,41.2641807,69.1817773
123067097,41.3376726,69.373665
123067106,41.3384202,69.3742177
124176134,41.3589207,69.3927889
124180874,41.348067,69.3860276
132726111,41.2987923,69.2578052
132726112,41.3354572,69.2474711
132726117,41.3369395,69.2489745
132734248,41.2453924,69.3314179
132741887,41.2784977,69.2226682
132789253,41.2854142,69.2516066
133036633,41.3337671,69.3273617
134994388,41.2885976,69.2128963
136052929,41.2855691,69.2208255
142232049,41.3639055,69.192866
147038001,41.347967,69.3519439
149389062,41.3556207,69.2149494
149700609,41.2739586,69.263407
151681144,41.346339,69.3660629
151988427,41.3332659,69.3249367
152771959,41.2842432,69.357177
156420630,41.187615,69.4434095
158712327,41.2471403,69.2245631
160319699,41.1981456,69.2096772
162711904,41.3144874,69.1067336
164850803,41.2689548,69.3182018
164886454,41.2822552,69.1665416
165561738,41.2529717,69.3405049
165561741,41.253606,69.3471926
165575333,41.2011535,69.2503483
166464580,41.247299,69.1559557
168232172,41.2687843,69.301311
171504792,41.2592339,69.2008181
171505200,41.2680117,69.174909
171506028,41.2610356,69.1572968
171980239,41.2352854,69.1909002
171990932,41.2188917,69.2161453
172117435,41.2708192,69.1584847
172152974,41.3068397,69.1891543
173119554,41.3023721,69.1846968
173225186,41.3549632,69.3025735
173225585,41.3520308,69.2984849
175194267,41.3084978,69.23549
175301755,41.3261145,69.2259872
175835728,41.2696074,69.2347089
176276357,41.3188891,69.3553297
176278013,41.2127498,69.2332537
176279146,41.2159858,69.2409188
178607726,41.2563935,69.3291808
179562308,41.2772458,69.3127989
179596231,41.3174192,69.29814
180524828,41.340226,69.3345543
180527295,41.3269102,69.3452335
180655721,41.33574,69.2183144
180954707,41.2880357,69.2600441
182260896,41.3541854,69.2378616
183315723,41.3761021,69.2869686
183817023,41.2072371,69.2165476
186030881,41.2596853,69.2116314
187657585,41.3417457,69.2005863
188564891,41.2576523,69.3760525
189628235,41.4173085,69.3123863
189823313,41.2855759,69.1999851
189907212,41.2002646,69.228526
190375439,41.3546603,69.3881779
190379515,41.3237679,69.3534822
191370578,41.2862743,69.1788502
193265313,41.2041131,69.1390339
201954409,41.2828071,69.1967697
202284555,41.3245941,69.2791343
202404856,41.3178405,69.32208
202769077,41.3345548,69.4394559
208900727,41.2267791,69.1248569
208900728,41.1900749,69.1353117
217768379,41.3666491,69.3238484
217833467,41.255852,69.4295432
219010422,41.3221419,69.162427
220229251,41.2271119,69.2107635
220476928,41.2475563,69.2878543
229128165,41.2781198,69.2874223
229243194,41.2470773,69.3142585
232650339,41.3205202,69.3471291
237073831,41.3650003,69.2759877
240502362,41.3134823,69.2031813
240958279,41.3178879,69.2343587
244282398,41.3572077,69.3266252
244282399,41.3507072,69.3169147
256808706,41.3699112,69.289609
260274422,41.3778186,69.2622745
265602190,41.264028,69.2117721
272749638,41.3492951,69.3428663
272981553,41.3510705,69.3451065
303743326,41.2686167,69.2501841
304768344,41.2385884,69.2553186
308020720,41.25701,69.3180366
318216607,41.2473131,69.2913329
322633832,41.3328463,69.2235367
327403377,41.2829816,69.3445672
327630072,41.2827357,69.1856948
331473262,41.2990268,69.3586419
334971337,41.2737386,69.2755367
334986140,41.3725654,69.2383646
334989139,41.3695991,69.299567
334989141,41.3915447,69.2525095
334989142,41.3705346,69.2832928
334989143,41.366995,69.2979155
334989144,41.3748711,69.3149516
334989145,41.3726927,69.2807303
335521003,41.3756916,69.3167587
335525843,41.3655391,69.3111585
335525844,41.3689042,69.3189573
335525848,41.3682348,69.2013171
335529491,41.2175025,69.2646202
335699120,41.3106896,69.1809751
335699711,41.3145204,69.1640081
335699712,41.3082476,69.1690075
336037467,41.2800996,69.1883094
337744999,41.3781125,69.302196
337745000,41.3699757,69.2682753
337745012,41.3703278,69.306117
338446089,41.3793515,69.3037172
340857232,41.3588738,69.2834667
341114520,41.2829,69.1732299
341114521,41.2810231,69.1748307
341698682,41.3314064,69.3722817
341698683,41.3543726,69.3821975
344448723,41.3629643,69.3891837
353755974,41.3090225,69.1988631
365487750,41.3100769,69.2456063
368241434,41.3683712,69.2657166
369783750,41.2661451,69.1693614
371484176,41.3775251,69.2773147
373407522,41.2741867,69.1980372
376341685,41.2992857,69.2292173
378250075,41.2954683,69.2122366
384276372,41.2715421,69.3496162
384276373,41.2661949,69.3553716
384282711,41.2343066,69.3510098
384282714,41.2337351,69.3390755
387466294,41.3134516,69.2325784
392032286,41.3445575,69.2410541
393306641,41.3481885,69.3408238
395495453,41.3041794,69.1574284
395495454,41.2983249,69.1677925
395495455,41.2985456,69.1590215
395529996,41.3211053,69.1739871
395729322,41.2934476,69.1905053
395943845,41.2892546,69.1788611
399593858,41.3442847,69.2229973
399829026,41.295734,69.1816499
403443063,41.2473062,69.2852335
404347375,41.2683974,69.1852078
404347377,41.2665819,69.2053923
405409818,41.2915604,69.1445374
405850479,41.2771877,69.2931799
406129664,41.3844273,69.2200356
408809980,41.3410494,69.2503006
408823198,41.3250774,69.1876674
409253975,41.2827201,69.2267625
409967180,41.3526765,69.1851917
410227880,41.3396254,69.2637193
412602136,41.3576496,69.3689455
417170556,41.2150687,69.2288339
417204030,41.2248064,69.3670016
418253278,41.3295426,69.2876857
418253279,41.3294288,69.289394
418886540,41.2738378,69.2653579
420460162,41.2429079,69.3247751
420761799,41.3245386,69.1709465
420798725,41.2533246,69.1505303
421076562,41.3421301,69.1690464
421270944,41.2100198,69.2240247
422331372,41.2218611,69.2140555
422589601,41.2735933,69.2302512
422603110,41.3422577,69.2074245
423054194,41.33375,69.2052216
425974427,41.2488918,69.3108545
427981056,41.3326512,69.2628678
428379562,41.3028836,69.3072648
437282718,41.4096273,69.1782798
437402506,41.2908241,69.159474
437402507,41.3152007,69.1747659
437981067,41.3397664,69.296774
439884119,41.2636389,69.1936487
440148079,41.3958261,69.2045325
440148080,41.4064076,69.1958945
440148081,41.4005078,69.1947167
441554713,41.2955888,69.2079968
442002277,41.1947484,69.211822
443595491,41.3360862,69.3524484
443750600,41.3535377,69.3349137
444854003,41.2673975,69.1654482
444857580,41.3574488,69.2334433
445028232,41.3133649,69.2274027
446106964,41.2921391,69.1723498
449485677,41.3437319,69.3010775
450766217,41.3159751,69.2091096
455010076,41.2822348,69.3671791
460494170,41.3569425,69.3643746
460494171,41.3586255,69.3644732
460852281,41.3587434,69.3926817
461299470,41.1792825,69.1334114
461921665,41.3713416,69.2703912
464046402,41.3381282,69.3736511
464046405,41.340508,69.3718311
466581515,41.3860413,69.1708859
466584126,41.2721617,69.2749158
474288855,41.2431898,69.1420706
486693728,41.3935652,69.3529786
486767317,41.3843196,69.3580476
488402249,41.3256897,69.2878994
490653327,41.3567259,69.1740085
491131129,41.3726472,69.3250293
502806854,41.1882002,69.3288936
504136845,41.3269824,69.2577945
510369859,41.3532525,69.2328466
521748977,41.3229756,69.2476545
523270591,41.3494668,69.2663446
539003218,41.1544967,69.3867409
539954102,41.1588173,69.3458191
543832168,41.3398164,69.2327158
548509398,41.3035397,69.1101776
553817678,41.3352101,69.1991658
562708950,41.2991517,69.2652476
568768017,41.3459792,69.1756157
581603405,41.3084747,69.3395783
591218284,41.2849257,69.3273823
598014113,41.3355799,69.2327854
598274817,41.3511259,69.2540527
602971723,41.2633938,69.1827655
611141790,41.3233611,69.2070609
613707365,41.2854899,69.2284898
620061734,41.4165999,69.3102474
628550463,41.3357774,69.2860432
656421682,41.2137302,69.3399524
662915882,41.3596209,69.2207293
664583689,41.3168991,69.1817105
664583690,41.3165485,69.1821891
685593539,41.309562,69.220612
693708860,41.2873294,69.2243904
696154495,41.2286754,69.2092126
710700748,41.2240903,69.2911241
711034680,41.3419787,69.167604
711034681,41.342321,69.1675973
718780632,41.3452628,69.2170945
720877100,41.3311986,69.381536
724287499,41.28205,69.1384448
724607164,41.3073021,69.1324862
725746912,41.22383,69.2030561
744561308,41.3523511,69.286348
772754180,41.166534,69.3059796
798103074,41.3266644,69.2609959
808003716,41.3369479,69.3173296
825345705,41.215818,69.304771
863500133,41.3341808,69.4397803
863721403,41.3299599,69.2297734
890008492,41.222817,69.2036783
894828828,41.3291354,69.2941481
915518595,41.3381064,69.3422581
964568091,41.3490147,69.275387
971724151,41.1904701,69.1267554
971724166,41.1993369,69.1595829
996855006,41.2066768,69.2436187
997330827,41.2110885,69.1986656
1039511418,41.2843258,69.2975718
1054674517,41.3262875,69.2433789
1054674522,41.3300042,69.2422906
1056268205,41.3196789,69.2436249
1083837316,41.2796609,69.118505
1083842389,41.2516326,69.0989222
1083842482,41.3356387,69.1118049
1083844394,41.2431642,69.1452432
1083856395,41.2361447,69.230014
1083901466,41.3318231,69.1307436
1083905035,41.1919259,69.1531073
1083905250,41.1737013,69.1597074
1083905479,41.2180427,69.1617396
1083906846,41.2290886,69.2801178
1083907143,41.3307954,69.1515094
1084049273,41.2223951,69.1065524
1084061478,41.1868044,69.1555976
1084062598,41.2018483,69.164893
1084067126,41.2273179,69.1304456
1084068824,41.2079657,69.1854017
1084072899,41.3551725,69.1432691
1084074763,41.3617901,69.1164737
1084075196,41.3774577,69.1426865
1084078305,41.4110017,69.2297301
1084080059,41.4157675,69.1987409
1084080779,41.4199539,69.2666893
1084083386,41.4060871,69.218665
1084084559,41.4059357,69.2668889
1084086115,41.4017832,69.2849233
1084087456,41.3849424,69.3220001
1084087558,41.369708,69.1673319
1084089042,41.4137965,69.1943108
1084346325,41.2244561,69.4061005
1084346734,41.2776799,69.4476762
1084347074,41.2538523,69.4030262
1084347282,41.1970702,69.4164705
1084347433,41.1834054,69.3563899
1084348365,41.1518962,69.4507502
1084349257,41.1527099,69.422143
1085827319,41.3712416,69.3814406
1085829694,41.3668,69.4124599
1085831583,41.3911368,69.3988643
1085834840,41.3667692,69.4404818
1085839172,41.3481663,69.4318309
1085844410,41.333025,69.4065707
1085848809,41.40866,69.3954889
1085858156,41.407082,69.3083973
1085858593,41.289638,69.3908157
1085864136,41.3602824,69.344305
1087793954,41.1863554,69.3176292
1087793993,41.1580655,69.2721878
1087794687,41.1812783,69.296306
1087795540,41.1496647,69.2927336
1090739246,41.2162027,69.3238792
1090764672,41.1546896,69.2486105
1090781485,41.1815914,69.1106635
1090783741,41.2071188,69.1061672
1090797496,41.1597574,69.1144438
1090798146,41.1620287,69.1885702
1090859734,41.1614752,69.1077335
1098313423,41.4025436,69.4442576
1154762660,41.3072024,69.247632
1166114071,41.2375232,69.1717652
1196778089,41.339006,69.2649397
1205553286,41.1685447,69.2184917
1210854847,41.2125684,69.1954448
1212686630,41.2236137,69.183354
1215885914,41.3694511,69.2101599
1215886061,41.3600211,69.2191458
1218041213,41.2920146,69.2036409
1218448790,41.3288436,69.2569095
1221934340,41.2806805,69.187653
1262206718,41.3912752,69.1035149
1262899279,41.3982377,69.1146647
1262899294,41.3983303,69.1199091
1263454450,41.408849,69.1465438
1263510421,41.4107628,69.155679
1312468407,41.335121,69.2481333
1323491688,41.3136123,69.2826281
1376324530,41.3295889,69.2203085
1382050809,41.1999261,69.2222228
1382050819,41.1981345,69.217872
1391022801,41.2187303,69.1889575
1447581322,41.1723705,69.2071393
1447583039,41.1700028,69.1247748
1447741500,41.2061173,69.1207738
1447758615,41.2796554,69.1028552
1447859993,41.3073059,69.1372145
1447860711,41.2721105,69.1412641
1448157745,41.2407934,69.3663313
1450794328,41.3853579,69.4134947
1450794662,41.3772135,69.4333677
1450810721,41.3565776,69.3536788
1450811946,41.3996032,69.3654594
1450812598,41.4160241,69.4260635
1450939261,41.3987116,69.3369737
1450942292,41.4194899,69.3666009
1451213416,41.287372,69.4273399
1473355917,41.2215743,69.2167003
1491947619,41.3792885,69.3049439
1507997488,41.3514254,69.2248148
1509364258,41.3565086,69.3734819
1509370462,41.2658876,69.2305852
1509383153,41.326483,69.3182186
1509396910,41.3432401,69.2327016
1509653095,41.2991072,69.2553952
1509658140,41.2645507,69.1528726
1509892751,41.2731813,69.1952236
1509916332,41.364907,69.2625976
1510142939,41.2930288,69.1869526
1452353,41.266747,69.2374961
1456826,41.36551,69.1914306
1464483,41.2616412,69.1578767
1685893,41.3350505,69.3669612
1729150,41.2224823,69.2167539
1752814,41.3172565,69.3139965
1807538,41.2664963,69.3174003
1951466,41.3199707,69.2289739
1954324,41.3427158,69.3888329
2228675,41.2209758,69.2174976
2283793,41.2517754,69.2019475
2297293,41.2819983,69.1384217
2329743,41.3042382,69.2879065
2333885,41.2993608,69.265293
2369763,41.2756221,69.2893959
2415038,41.2934614,69.2736475
2712886,41.3080845,69.2933376
5194462,41.2919462,69.262635
5298029,41.2770001,69.177146
5522570,41.2959679,69.2834484
5588742,41.3296004,69.3243635
6630912,41.2926917,69.2993599
6667687,41.2902042,69.3185706
7130307,41.3769843,69.3159127
7462941,41.3574926,69.2897846
7720490,41.3303633,69.2785992
7786330,41.3110005,69.292893
8312422,41.2870532,69.1675614
8333584,41.3198995,69.2769084
8339112,41.355379,69.1911569
8339405,41.3581139,69.1842262
8421659,41.2823752,69.2368063
8461264,41.2853236,69.2211032
9283160,41.3294021,69.3368688
9743449,41.1906054,69.2108852
19686850,41.2595458,69.2564262
