lat,lon,name,dist_m,network_anomaly,fused_outdoor_pm25
41.31543,69.39042,6-sonli umumiy o'rta ta'lim maktabi,550,-2.57,35.5
41.36062,69.43320,10-sonli umumiy o'rta ta'lim maktabi,1348,-2.34,35.6
41.31376,69.10588,1-sonli umumiy o'rta ta'lim maktabi,3895,0.6,38.5
41.30335,69.11015,6-sonli umumiy o'rta ta'lim maktabi,3432,0.36,38.3
41.27944,69.11858,7-sonli umumiy o'rta ta'lim maktabi,2347,-0.23,37.7
41.30747,69.13324,8-sonli umumiy o'rta ta'lim maktabi,1515,0.41,38.3
41.33078,69.15134,9-sonli umumiy o'rta ta'lim maktabi,776,1.27,39.2
41.33561,69.11148,12-sonli umumiy o'rta ta'lim maktabi,4113,1.08,39.0
41.24706,69.15501,13-sonli umumiy o'rta ta'lim maktabi,785,-0.84,37.1
41.25291,69.15022,14-sonli umumiy o'rta ta'lim maktabi,541,-0.84,37.2
41.24325,69.14555,15-sonli umumiy ta'lim maktabi,1447,-0.76,37.1
41.22255,69.10619,16-sonli umumiy o'rta ta'lim maktabi,1861,-0.65,37.2
41.19278,69.15203,32-sonli umumiy o'rta ta'lim maktabi,22,-1.14,41.1
41.18660,69.15525,33-sonli umumiy o'rta ta'lim maktabi,680,-1.28,36.7
41.20244,69.16441,34-sonli umumiy o'rta ta'lim maktabi,147,-0.98,38.8
41.17372,69.15980,35-sonli umumiy o'rta ta'lim maktabi,1827,-1.53,36.4
41.24308,69.14197,39-sonli boshlang`ich ta'lim maktabi,1599,-0.74,37.2
41.20808,69.18532,334-sonli umumiy o’rta ta’lim maktabi,207,-0.65,38.5
41.17923,69.13334,Toshkent viloyati Zangiota tumani  MMTB ,257,-1.14,37.7
41.17025,69.12539,43-sonli umumiy o'rta ta'lim maktabi,181,-1.12,38.3
41.17244,69.20674,Zangiota tuman 22-sonli umumiy o'rta ta',285,-3.05,35.6
41.20382,69.13955,38-sonli umumiy o'rta ta'lim maktabi,1550,-0.92,37.0
41.21819,69.16195,36-sonli umumiy o'rta ta'lim maktabi,978,-0.71,37.2
41.17025,69.12539,44-sonli umumiy o'rta ta'lim maktabi,181,-1.12,38.3
41.33152,69.13156,2-sonli umumiy o'rta ta'lim maktabi,2376,1.15,39.1
41.20587,69.12100,30-sonli umumiy o'rta ta'lim maktabi,331,-0.83,37.6
41.22713,69.12485,Toshkent viloyati Zangiota tumani 40-son,1164,-0.71,37.2
41.19954,69.15912,27-sonli umumiy o'rta ta'lim maktabi,34,-1.04,40.8
41.28019,69.10251,37-sonli umumiy o'rta ta'lim maktabi,3693,-0.08,37.8
41.30748,69.13743,10-sonli  boshlang'ich ta'lim makabi,1169,0.39,38.3
41.37139,69.38134,4-sonli umumiy o'rta ta'lim maktabi,1242,0.08,38.0
41.38411,69.35812,5-sonli umumiy o'rta ta'lim maktabi,3111,0.71,38.6
41.36644,69.41250,6-sonli ayrim fanlar chuqur o`qitiladiga,308,-1.39,37.2
41.39106,69.39907,7-sonli umumiy o'rta ta'lim maktabi,2214,-0.29,37.6
41.37736,69.43381,9-sonli umumiy o'rta ta'lim maktabi,80,-1.49,39.3
41.40272,69.44426,11-sonli umumiy o'rta ta'lim maktabi,2076,-0.85,37.1
41.34839,69.43244,14-sonli umumiy o'rta ta'lim maktabi,2443,-3.12,34.8
41.36015,69.34483,25-sonli umumiy o'rta ta'lim maktabi,408,1.27,39.5
41.41582,69.42646,27-sonli umumiy o'rta ta'lim maktabi,4065,-0.4,37.5
41.39937,69.36553,29-sonli umumiy o'rta ta'lim maktabi,2948,0.51,38.4
41.35648,69.35407,46-sonli umumiy o'rta ta'lim maktabi,271,1.18,39.9
41.38565,69.41374,8-sonli umumiy o'rta ta'lim maktabi,1794,-0.77,37.1
41.39301,69.35281,30-sonli umumiy o'rta ta'lim maktabi,2951,0.76,38.7
41.40700,69.30804,33-sonli umumiy o'rta ta'lim maktabi,151,1.73,41.5
41.29824,69.39204,342-sonli umumiy o'rta ta'lim maktabi,2334,-2.64,35.3
41.39896,69.33699,49-sonli umumiy o'rta ta'lim maktabi,1902,1.04,38.9
41.38565,69.41374,10-sonli umumiy o'rta ta'lim maktabi,1794,-0.77,37.1
41.40888,69.39683,28-sonli umumiy o'rta ta'lim maktabi,4206,-0.04,37.9
41.41606,69.36281,45-sonli umumiy o'rta ta'lim maktabi,1376,0.59,38.5
41.15442,69.24867,37-sonli umumiy o'rta ta'lim maktabi,1276,-2.58,35.3
41.18630,69.44025,3-sonli umumiy o'rta ta'lim maktabi,2745,0.33,38.2
41.17244,69.41116,8-sonli umumiy o'rta ta'lim maktabi,113,0.25,40.5
41.23683,69.37180,10-sonli umumiy o'rta ta'lim maktabi,638,3.56,41.5
41.41949,69.26739,13-sonli umumiy o'rta ta'lim maktabi,2531,2.58,40.5
41.40631,69.21912,17-sonli umumiy o'rta ta'lim maktabi,1388,3.54,41.4
41.40036,69.19476,18-umumiy o'rta ta'lim maktabi,738,3.16,41.1
41.40564,69.26703,19-sonli umumiy o'rta ta'lim maktabi,1065,3.13,41.0
41.40133,69.28438,22-sonli umumiy o'rta ta'lim maktabi,1332,2.64,40.5
41.38500,69.32184,25-sonli umumiy o'rta ta'lim maktabi,346,1.34,39.7
41.41646,69.31069,26-sonli umumiy o'rta ta'lim maktabi,126,1.59,41.6
41.36935,69.16686,27-sonli umumiy o'rta ta'lim maktabi,1111,1.83,39.7
41.37802,69.24239,28-sonli umumiy o'rta ta'lim maktabi,1565,6.64,44.5
41.40848,69.19148,30-sonli umumiy o'rta ta'lim maktabi,885,2.88,40.8
41.41380,69.19481,31-sonli umumiy o'rta ta'lim maktabi,491,2.82,40.9
41.39619,69.20457,9-sonli umumiy o'rta ta'lim maktabi,62,3.65,44.9
41.22752,69.40245,13-sonli umumiy o'rta ta'lim maktabi,3,2.08,44.9
41.27806,69.44678,18-sonli umumiy o'rta ta'lim maktabi,107,-1.01,39.3
41.25578,69.42922,19-sonli ayrim fanlar chuqur o‘qitiladig,859,0.72,38.6
41.22441,69.40576,20-  sonli umumiy o`rtab ta`lim maktabi,273,1.83,40.5
41.32355,69.44538,31-sonli umumiy o'rta ta'lim maktabi,145,-3.81,36.0
41.18542,69.44025,"33,Yuqorichirchiq,Tashkent",2700,0.32,38.2
41.18395,69.35546,38-sonli  umumiy o'rta ta'lim maktabi,2104,0.17,38.1
41.15785,69.35546,39-sonli umumiy o'rta ta'lim maktabi,2429,-0.32,37.6
41.22998,69.37519,23-sonli umumiy o'rta ta'lim maktabi,111,2.93,43.2
41.18679,69.42786,36-sonli umumiy o'rta ta'lim maktabi,1844,0.43,38.3
41.18179,69.11048,2-sonli umumiy o'rta ta'lim maktabi,1678,-0.94,37.0
41.18144,69.22784,333-sonli umumiy o'rta ta'lim maktabi,1309,-3.78,34.1
41.20746,69.10676,6-sonli umumiy o'rta ta'lim maktabi,604,-0.75,37.2
41.19046,69.12672,23--sonli umumiy o'rta ta'lim maktabi,1501,-0.99,36.9
41.15924,69.11429,10-sonli ayrim fanlar chuqur o‘qitiladig,238,-1.07,37.9
41.16106,69.10834,57-sonli umumiy o'rta ta'lim maktabi,651,-1.01,37.0
41.16231,69.18798,11-sonli umumiy o'rta ta'lim maktabi,2120,-2.26,35.6
41.23364,69.33899,289-sonli ixtisoslashtirilgan davlat umu,340,1.6,40.0
41.23387,69.35070,290-sonli umumiy o'rta ta'lim maktabi,1273,2.37,40.3
41.25324,69.22359,291-sonli ixtisoslashtirilgan davlat umu,527,-1.57,36.5
41.25324,69.37663,293-sonli umumiy o'rta ta'lim maktabi,511,4.56,42.6
41.25050,69.30492,31-sonli umumiy o'rta ta'lim maktabi,691,-0.13,37.8
41.27725,69.29022,56-sonli ixtisoslashtirilgan davlat umum,1250,-0.64,37.3
41.28464,69.28976,65-sonli umumiy o'rta ta'lim maktabi,781,-0.62,37.3
41.28215,69.27280,83-sonli umumiy o'rta ta'lim maktabi,243,-0.81,38.1
41.29577,69.28089,94-sonli umumiy o'rta ta'lim maktabi,181,-0.48,38.9
41.30436,69.27139,110-sonli ixtisoslashtirilgan davlat umu,262,-0.4,38.4
41.24681,69.30321,125-sonli umumiy o'rta ta'lim maktabi,280,-0.14,38.5
41.27385,69.27565,147-sonli umumiy o'rta ta'lim maktabi,454,-0.82,37.3
41.26863,69.29851,154-sonli umumiy o'rta ta'lim maktabi,1126,-0.53,37.4
41.27460,69.29539,158-sonli umumiy o'rta ta'lim maktabi,1052,-0.61,37.3
41.27571,69.28693,175- umumiy o'rta ta'lim maktabii,1119,-0.66,37.2
41.24302,69.32452,213-sonli umumiy o'rta ta'lim maktabi,241,0.79,39.7
41.25726,69.31535,214-sonli umumiy o'rta ta'lim maktabi,332,0.06,38.5
41.24662,69.31452,218-sonli ixtisoslashtirilgan davlat umu,310,0.26,38.8
41.25054,69.30908,263-sonli umumiy o'rta ta'lim maktabi,694,0.0,38.0
41.28182,69.28987,294-sonli ixtisoslashtirilgan davlat umu,944,-0.64,37.3
41.29335,69.27121,328-sonli umumiy o'rta ta'lim maktabi,25,-0.67,41.5
41.29693,69.27769,Gyote nomidagi 60-sonli nemis tilini chu,152,-0.48,39.2
41.23654,69.23541,"60,Tashkent,Mirobod",519,-0.91,37.1
41.31732,69.29862,18-sonli umumiy o'rta ta'lim maktabi,195,0.15,39.4
41.34158,69.33356,27-sonli umumiy o'rta ta'lim maktabi,17,0.81,43.2
41.35980,69.38953,35-sonli umumiy o'rta ta'lim maktabi,3,-0.51,42.3
41.34838,69.35171,49-sonli umumiy o'rta ta'lim maktabi,125,1.1,41.2
41.31375,69.28288,50-sonli ixtisoslashtirilgan davlat umum,116,0.22,40.4
41.31109,69.29276,64-sonli umumiy o'rta ta'lim maktabi,276,-0.01,38.7
41.32342,69.31796,71-sonli umumiy o'rta ta'lim maktabi,44,-0.26,41.4
41.32021,69.34735,112-sonli xorijiy tillarni chuqur o'qiti,745,-2.08,35.9
41.33121,69.37259,121-sonli umumiy o'rta ta'lim maktabi,196,-1.29,38.0
41.32563,69.30299,142-sonli ixtisoslashtirilgan davlat umu,509,0.46,38.5
41.31795,69.32198,148-sonli umumiy o'rta ta'lim maktabi,274,-0.85,37.9
41.34920,69.34312,187-sonli umumiy o'rta ta'lim maktabi,477,1.23,39.3
41.34646,69.36613,207-sonli umumiy o'rta ta'lim maktabi,357,0.37,38.7
41.33532,69.36037,208-sonli umumiy o'rta ta'lim maktabi,833,-0.35,37.6
41.33685,69.37317,209-sonli umumiy o'rta ta'lim maktabi,424,-0.76,37.4
41.35946,69.39224,210-sonli umumiy o'rta ta'lim maktabi,196,-0.67,38.6
41.35461,69.38813,211-sonli umumiy o'rta ta'lim maktabi,481,-0.6,37.5
41.32194,69.35527,222-sonli umumiy o'rta ta'lim maktabi,451,-2.13,36.0
41.35846,69.36216,223-sonli ixtisoslashtirilgan davlat umu,383,0.91,39.2
41.33105,69.32755,225-sonli umumiy o'rta ta'lim maktabi,242,0.03,38.9
41.35476,69.38329,248-sonli umumiy o'rta ta'lim maktabi,342,-0.3,38.1
41.34840,69.38626,256-sonli umumiy o'rta ta'lim maktabi,1093,-0.75,37.2
41.34226,69.38874,279-sonli umumiy o'rta ta'lim maktabi,977,-1.21,36.7
41.33707,69.37404,308-sonli umumiy o'rta ta'lim maktabi,360,-0.78,37.6
41.33567,69.35325,"338,Tashkent,M.Ulug'bek",492,-0.02,38.1
41.34361,69.36194,"343,Tashkent,M.Ulug'bek",100,0.4,40.9
41.33957,69.23244,11-sonli umumiy o'rta ta'lim maktabi,40,7.21,48.9
41.36863,69.20132,15-sonli umumiy o'rta ta'lim maktabi,794,4.36,42.3
41.37272,69.23817,16-sonli umumiy o'rta ta'lim maktabi,1101,7.71,45.6
41.33585,69.24762,22-sonli ixtisoslashtirilgan davlat umum,483,4.89,43.0
41.33592,69.23344,24-sonli ixtisoslashtirilgan davlat umum,18,5.46,47.8
41.27407,69.22173,28-sonli ixtisoslashtirilgan davlat umum,885,-3.35,34.6
41.35826,69.18383,29-sonli ixtisoslashtirilgan davlat umum,734,1.93,39.9
41.33616,69.21860,46-sonli umumiy o'rta ta'lim maktabi,201,4.57,43.8
41.33923,69.22323,"28,Tashkent,Olmazor",63,6.17,47.4
41.34176,69.24999,119-sonli umumiy o'rta ta'lim maktabi,143,7.04,46.9
41.35479,69.23793,133-sonli ixtisoslashtirilgan davlat umu,668,10.99,48.9
41.36854,69.19868,134-sonli umumiy o'rta ta'lim maktabi,660,3.99,41.9
41.33699,69.24917,146-sonli umumiy o'rta ta'lim maktabi,365,5.25,43.6
41.34642,69.24525,159-sonli umumiy o'rta ta'lim maktabi,176,9.31,48.8
41.36396,69.23158,165-sonli umumiy o'rta ta'lim maktabi,527,9.44,47.5
41.35280,69.23260,185-sonli umumiy o'rta ta'lim maktabi,383,10.9,49.2
41.35977,69.22121,191-sonli umumiy o'rta ta'lim maktabi,350,8.71,47.1
41.35994,69.22003,196-sonli umumiy o'rta ta'lim maktabi,448,8.45,46.6
41.36985,69.21877,219-sonli umumiy o'rta ta'lim maktabi,523,6.93,45.0
41.34493,69.22287,224-sonli umumiy o'rta ta'lim maktabi,494,8.01,46.1
41.35767,69.23353,233-sonli umumiy o'rta ta'lim maktabi,561,10.68,48.7
41.36970,69.20869,234-sonli umumiy o'rta ta'lim maktabi,1099,5.44,43.3
41.37009,69.21076,242-sonli umumiy o'rta ta'lim maktabi,1176,5.73,43.6
41.34291,69.20760,243-sonli umumiy o'rta ta'lim maktabi,123,4.52,44.6
41.35556,69.19138,249-sonli umumiy o'rta ta'lim maktabi,644,2.57,40.5
41.35289,69.18481,261-sonli umumiy o'rta ta'lim maktabi,340,1.83,40.2
41.36547,69.19156,278-sonli umumiy o'rta ta'lim maktabi,537,3.01,41.0
41.33226,69.22387,298-sonli umumiy o'rta ta'lim maktabi,228,3.56,42.6
41.38461,69.21991,315-sonli umumiy o'rta ta'lim maktabi,345,5.18,43.6
41.35573,69.21844,326-sonli ixtisoslashtirilgan davlat umu,604,8.32,46.3
41.34310,69.25071,"298,Tashkent,Olmazor",304,7.38,45.9
41.36398,69.19308,"315,Tashkent,Olmazor",746,3.13,41.1
41.36318,69.19750,"326,Tashkent,Olmazor",1052,3.74,41.6
41.34464,69.21716,"36,Tashkent,Olmazor",268,6.73,45.5
41.33536,69.24840,"102-MM,Tashkent,Olmazor",398,4.61,42.9
41.22234,69.21693,301-sonli umumiy o'rta ta'lim maktabi,424,-0.26,37.9
41.21752,69.26434,305-sonli umumiy o'rta ta'lim maktabi,571,-1.23,36.8
41.21009,69.22444,6-sonli ixtisoslashtirilgan davlat umumt,299,-1.16,37.4
41.21282,69.23337,7-sonli umumiy o'rta ta'lim maktabi,205,-1.27,37.9
41.21885,69.21581,317-sonli ixtisoslashtirilgan davlat umu,674,-0.27,37.7
41.22657,69.21137,322-sonli umumiy o'rta ta'lim maktabi,646,-0.13,37.8
41.22867,69.20947,55 - sonli umumiy o'rta ta'lim maktabi,405,-0.14,38.1
41.21146,69.23195,68-sonli umumiy o'rta ta'lim maktabi,92,-1.33,39.3
41.23195,69.20138,76-sonli umumiy o'rta ta'lim maktabi,339,-0.19,38.2
41.21695,69.24140,104-sonli umumiy o'rta ta'lim maktabi,234,-1.23,37.7
41.25957,69.25684,237-sonli umumiy o'rta ta'lim maktabi,90,-1.2,39.4
41.20095,69.25057,264-sonli umumiy o'rta ta'lim maktabi,1609,-2.23,35.7
41.24760,69.29112,266-sonli umumiy o'rta ta'lim maktabi,364,-0.46,37.9
41.24733,69.22485,267-sonli umumiy o'rta ta'lim maktabi,381,-1.2,37.1
41.24724,69.28484,268-sonli umumiy o'rta ta'lim maktabi,323,-0.59,37.9
41.24663,69.25727,269-sonli umumiy o'rta ta'lim maktabi,238,-1.03,37.9
41.24759,69.28818,277-sonli ixtisoslashtirilgan davlat umu,361,-0.52,37.8
41.22100,69.21744,284-sonli umumiy o'rta ta'lim maktabi,449,-0.29,37.9
41.20770,69.22488,"269,Tashkent,Sergeli",48,-1.42,40.1
41.22189,69.21418,300-sonli ixtisoslashtirilgan davlat umu,654,-0.17,37.8
41.21762,69.21864,"284,Tashkent,Sergeli",518,-0.42,37.6
41.21112,69.19886,"2,Tashkent,Yashnobod",569,-0.34,37.7
41.31593,69.18068,4-sonli umumiy o'rta ta'lim maktabi,350,0.51,38.9
41.29142,69.15828,14-sonli ixtisoslashtirilgan davlat umum,686,-0.63,37.3
41.31516,69.17394,38-sonli umumiy o'rta ta'lim maktabi,464,0.52,38.6
41.28657,69.17678,44-sonli umumiy o'rta ta'lim maktabi,490,-1.6,36.5
41.29360,69.18921,62-sonli umumiy o'rta ta'lim maktabi,369,-1.94,36.4
41.27943,69.18681,74-sonli umumiy o'rta ta'lim maktabi,546,-2.39,35.6
41.32106,69.17344,75-sonli umumiy o'rta ta'lim maktabi,1077,0.95,38.9
41.28341,69.17059,78-sonli umumiy o'rta ta'lim maktabi,1110,-1.37,36.5
41.30680,69.18690,81-sonli ixtisoslashtirilgan davlat umum,559,-0.52,37.5
41.32325,69.18023,106-sonli umumiy o'rta ta'lim maktabi,1065,1.11,39.0
41.27673,69.17396,107-sonli ixtisoslashtirilgan davlat umu,1473,-1.62,36.3
41.32483,69.16861,109-sonli umumiy o'rta ta'lim maktabi,788,1.16,39.1
41.31534,69.16044,116-sonli ixtisoslashtirilgan davlat umu,463,0.64,38.8
41.30442,69.15536,123-sonli umumiy o'rta ta'lim maktabi,91,0.07,40.7
41.30785,69.16782,129-sonli umumiy o'rta ta'lim maktabi,43,0.06,41.7
41.29855,69.16454,193-sonli ixtisoslashtirilgan davlat umu,727,-0.47,37.5
41.28219,69.16393,194-sonli umumiy o'rta ta'lim maktabi,1280,-1.12,36.8
41.29720,69.15958,197-sonli umumiy o'rta ta'lim maktabi,735,-0.4,37.5
41.26898,69.15552,203-sonli umumiy o'rta ta'lim maktabi,709,-0.98,37.0
41.29559,69.18079,228-sonli umumiy o'rta ta'lim maktabi,321,-1.31,37.2
41.28922,69.17671,229-sonli umumiy o'rta ta'lim maktabi,319,-1.48,37.0
41.32218,69.16142,236-sonli umumiy o'rta ta'lim maktabi ma,307,1.01,39.6
41.29259,69.17033,238-sonli umumiy o'rta ta'lim maktabi,588,-1.01,37.0
41.31755,69.16470,245-sonli umumiy o'rta ta'lim maktabi,726,0.75,38.7
41.27239,69.14115,251-sonli umumiy o'rta ta'lim maktabi,461,-0.65,37.5
41.28003,69.18547,283-sonli umumiy o'rta ta'lim maktabi,568,-2.29,35.7
41.27779,69.16294,287-sonli umumiy o'rta ta'lim maktabi,1318,-1.15,36.7
41.26540,69.15001,295-sonli umumiy o'rta ta'lim maktabi,233,-0.87,38.1
41.26845,69.15556,296-sonli umumiy o'rta ta'lim maktabi,710,-0.98,37.0
41.28190,69.13887,297-sonli umumiy o'rta ta'lim maktabi,734,-0.45,37.5
41.29130,69.14477,312-sonli umumiy o'rta ta'lim maktabi,424,-0.31,37.9
41.29638,69.12489,"245,Tashkent,Uchtepa",2133,0.1,38.0
41.29465,69.21288,79-sonli umumiy o'rta ta'lim maktabi,333,-2.77,35.7
41.31005,69.24446,90-sonli umumiy o'rta ta'lim maktabi,132,-1.43,38.5
41.26818,69.18397,101-sonli umumiy o'rta ta'lim maktabi,1303,-1.96,35.9
41.28286,69.22678,103-sonli ixtisoslashtirilgan davlat umu,591,-3.24,34.8
41.26609,69.19431,114-sonli umumiy o'rta ta'lim maktabi,414,-2.31,35.9
41.26001,69.15461,126-sonli umumiy o'rta ta'lim maktabi,270,-0.94,37.8
41.29915,69.22779,128-sonli umumiy o'rta ta'lim maktabi,206,-1.59,37.6
41.26754,69.20412,131-sonli ixtisoslashtirilgan davlat umu,272,-2.81,35.9
41.27618,69.21792,138-sonli umumiy o'rta ta'lim maktabi,778,-3.66,34.3
41.28531,69.22226,162-sonli umumiy o'rta ta'lim maktabi,401,-3.52,34.7
41.27848,69.22266,163-sonli umumiy o'rta ta'lim maktabi,917,-3.55,34.4
41.27470,69.20030,164-sonli umumiy o'rta ta'lim maktabi,216,-3.19,35.9
41.28697,69.22492,168-sonli umumiy o'rta ta'lim maktabi,338,-3.18,35.2
41.29320,69.22060,173-sonli umumiy o'rta ta'lim maktabi,40,-2.74,39.0
41.28812,69.21303,178-sonli ixtisoslashtirilgan davlat umu,378,-3.66,34.6
41.29540,69.20783,179-sonli umumiy o'rta ta'lim maktabi,299,-2.62,36.0
41.28865,69.21332,182-sonli umumiy o'rta ta'lim maktabi,397,-3.61,34.6
41.29181,69.20400,183-sonli umumiy o'rta ta'lim maktabi,465,-2.99,35.1
41.28490,69.20160,184-sonli umumiy o'rta ta'lim maktabi,583,-3.42,34.6
41.26405,69.21191,188-sonli umumiy o'rta ta'lim maktabi,478,-2.59,35.5
41.27470,69.20030,195-sonli ixtisoslashtirilgan davlat umu,216,-3.19,35.9
41.28342,69.19629,181-sonli umumiy o'rta ta'lim maktabi,135,-3.07,36.9
41.26312,69.18327,200-sonli ixtisoslashtirilgan davlat umu,940,-1.71,36.2
41.25146,69.20218,201-sonli umumiy o'rta ta'lim maktabi,309,-1.34,37.2
41.26294,69.18343,202-sonli umumiy o'rta ta'lim maktabi,916,-1.71,36.2
41.26814,69.17485,217-sonli umumiy o'rta ta'lim maktabi,1837,-1.57,36.3
41.26167,69.21175,232-sonli umumiy o'rta ta'lim maktabi,310,-2.35,36.2
41.23821,69.17231,270-sonli umumiy o'rta ta'lim maktabi,319,-0.7,37.8
41.26133,69.15739,280-sonli umumiy o'rta ta'lim maktabi,537,-1.0,37.0
41.26632,69.16323,281-sonli umumiy o'rta ta'lim maktabi,1276,-1.17,36.7
41.25944,69.20327,357-sonli umumiy o'rta ta'lim maktabi,516,-2.03,36.0
41.28596,69.22888,"201,Tashkent,Chilonzor",214,-2.9,36.2
41.31621,69.19792,10-sonli umumiy o'rta ta'lim maktabi,323,0.33,38.8
41.30940,69.22079,13-sonli umumiy o'rta ta'lim maktabi,1035,-0.9,37.0
41.32703,69.25780,19-sonli umumiy o'rta ta'lim maktabi,240,1.45,40.4
41.33939,69.26367,20-sonli umumiy o'rta ta'lim maktabi,384,4.36,42.6
41.30874,69.23511,34-sonli umumiy o'rta ta'lim maktabi,268,-1.38,37.4
41.33527,69.19916,39-sonli umumiy o'rta ta'lim maktabi,255,2.58,41.4
41.32349,69.20692,40-sonli umumiy o'rta ta'lim maktabi,129,1.23,41.2
41.32663,69.22608,41-sonli umumiy o'rta ta'lim maktabi,145,1.59,41.4
41.32614,69.24365,42-sonli umumiy o'rta ta'lim maktabi,110,0.95,41.2
41.31347,69.23246,45-sonli umumiy o'rta ta'lim maktabi,235,-1.2,37.7
41.32283,69.24758,59-sonli xitoy va koreys tillarini chuqu,117,0.04,40.2
41.32009,69.22903,82-sonli umumiy o'rta ta'lim maktabi,157,-0.23,39.4
41.30841,69.23611,84-sonli umumiy o'rta ta'lim maktabi,177,-1.4,38.0
41.31318,69.22776,85-sonli umumiy o'rta ta'lim maktabi,499,-0.96,37.1
41.33358,69.20504,92-sonli umumiy o'rta ta'lim maktabi,224,2.8,41.8
41.32967,69.22068,102-sonli ixtisoslashtirilgan davlat umu,148,2.62,42.4
41.33055,69.20296,113-sonli umumiy o'rta ta'lim maktabi,294,2.24,40.8
41.32633,69.26081,115-sonli umumiy o'rta ta'lim maktabi,190,1.33,40.6
41.33133,69.21413,132 - sonli umumiy o'rta ta'lim maktabi,174,2.89,42.4
41.31256,69.19818,136 - sonli umumiy o'rta ta'lim maktabi,384,-0.12,38.2
41.31565,69.20885,141 - sonli umumiy o'rta ta'lim maktabi,97,0.07,40.6
41.30549,69.21184,157 - sonli umumiy o'rta ta'lim maktabi,306,-1.19,37.4
41.31646,69.20692,167 - sonli umumiy o'rta ta'lim maktabi,255,0.22,39.0
41.34175,69.20042,169 - sonli umumiy o'rta ta'lim maktabi,375,3.28,41.6
41.30315,69.20710,180 - sonli ixtisoslashtirilgan davlat u,149,-1.47,38.3
41.31376,69.20330,186 - sonli umumiy o'rta ta'lim maktabi,450,-0.06,38.1
41.32648,69.19909,192 - sonli umumiy o'rta ta'lim maktabi,316,1.59,40.1
41.30290,69.21689,254 - sonli umumiy o'rta ta'lim maktabi,531,-1.48,36.6
41.33317,69.16836,262 - sonli umumiy o'rta ta'lim maktabi,426,1.43,39.6
41.33796,69.17050,276 - sonli ixtisoslashtirilgan davlat u,509,1.47,39.5
41.33953,69.17911,299 - sonli umumiy o'rta ta'lim maktabi,1061,1.61,39.5
41.34575,69.17551,314 - sonli umumiy o'rta ta'lim maktabi,314,1.43,40.0
41.34261,69.16906,316 - sonli umumiy o'rta ta'lim maktabi,362,1.42,39.8
41.33977,69.18095,320-sonli umumiy o'rta ta'lim maktabi,1065,1.66,39.6
41.31782,69.23437,324-sonli umumiy o'rta ta'lim maktabi,191,-0.91,38.4
41.32359,69.25658,"254,Tashkent,Shaykhontohur",76,0.61,41.5
41.31988,69.27702,5-sonli umumiy o‘rta ta`lim maktabi,217,0.65,39.7
41.33020,69.27841,9-sonli ixtisoslashtirilgan davlat umumt,366,1.73,40.1
41.36960,69.29950,12-sonli umumiy o'rta ta'lim maktabi,471,2.17,40.3
41.31843,69.28861,17-sonli ixtisoslashtirilgan davlat umum,212,0.46,39.6
41.32581,69.28802,43-sonli umumiy o`rta ta`lim maktabi,417,0.99,39.2
41.32925,69.28806,51-sonli ixtisoslashtirilgan davlat umum,361,1.26,39.6
41.35910,69.28360,53-sonli umumiy o`rta ta`lim maktabi,304,3.54,42.1
41.35488,69.30171,58-sonli umumiy o'rta ta'lim maktabi,520,1.79,39.8
41.35240,69.28613,63-sonli umumiy o`rta ta`lim maktabi,147,3.04,42.8
41.33588,69.28568,70-sonli umumiy o`rta ta`lim maktabi,56,1.94,43.3
41.38084,69.27350,72-sonli umumiy o‘rta ta'lim maktabi,750,4.12,42.1
41.32478,69.27888,80-sonli umumiy o`rta ta`lim maktabi,272,1.12,39.8
41.37023,69.26850,86-sonli umumiy o`rta ta`lim maktabi,1383,5.32,43.2
41.34842,69.27417,96-sonli umumiy o`rta ta`lim maktabi,796,4.3,42.2
41.37919,69.30496,97-sonli umumiy o`rta ta`lim maktabi,557,1.91,39.9
41.35360,69.33504,98-sonli umumiy o`rta ta`lim maktabi,661,1.24,39.2
41.34350,69.30107,105-sonli umumiy o`rta ta`lim maktabi,1101,1.47,39.4
41.35197,69.29836,117-sonli umumiy o`rta ta`lim maktabi,855,1.93,39.8
41.36596,69.31092,122-sonli umumiy o`rta ta`lim maktabi,911,1.51,39.4
41.34933,69.26646,150-sonli umumiy o`rta ta`lim maktabi,232,5.65,44.6
41.36520,69.27638,220-sonli umumiy o`rta ta`lim maktabi,567,4.48,42.5
41.37060,69.28365,235-sonli umumiy o`rta ta`lim maktabi,230,3.52,42.5
41.36971,69.28965,240-sonli umumiy o`rta ta`lim maktabi,270,2.95,41.7
41.36734,69.29771,246-sonli umumiy o`rta ta`lim maktabi,340,2.27,40.7
41.37813,69.30197,247-sonli umumiy o`rta ta`lim maktabi,463,2.06,40.2
41.37025,69.30641,250-ixtisoslashtirilgan davlat umumta'li,1019,1.77,39.7
41.37563,69.31612,257-sonli umumiy o`rta ta`lim maktabi,437,1.44,39.6
41.37472,69.31513,258-sonli umumiy o`rta ta`lim maktabi,548,1.46,39.5
41.37724,69.27737,259-sonli umumiy o`rta ta`lim maktabi,899,3.95,41.9
41.37249,69.28061,260-sonli umumiy o`rta ta`lim maktabi,522,3.8,41.9
41.37917,69.28472,265-sonli umumiy o`rta ta`lim maktabi,353,3.24,41.6
41.37585,69.28659,271-sonli umumiy o‘rta ta'lim maktabi,119,3.16,43.3
41.35753,69.28954,272-sonli umumiy o`rta ta`lim maktabi,41,2.85,44.5
41.37927,69.30388,273-sonli umumiy o`rta ta`lim maktabi,528,1.97,40.0
41.36698,69.32400,274-sonli umumiy o`rta ta`lim maktabi,246,1.21,40.1
41.36930,69.31889,288-sonli umumiy o`rta ta`lim maktabi,449,1.31,39.5
41.36393,69.27881,302-sonli umumiy o`rta ta`lim maktabi,343,4.17,42.6
41.39154,69.25281,313-sonli umumiy o`rta ta`lim maktabi,704,4.56,42.5
41.37762,69.26291,327-sonli umumiy o'rta ta'lim tarmoq mak,1597,5.32,43.2
41.35735,69.32651,88-sonli umumiy o`rta ta`lim maktabi,848,1.18,39.1
41.35839,69.28294,"272,Tashkent,Yunusobod",344,3.61,42.0
41.26950,69.23470,26-sonli umumiy o'rta ta'lim maktabi,69,-2.32,38.7
41.27404,69.26331,48-sonli umumta'lim maktabi,359,-1.1,37.3
41.29398,69.24942,73-sonli umumiy o'rta ta'lim tarmoq makt,103,-1.22,39.2
41.28536,69.25140,89-sonli umumiy o'rta ta'lim maktabi,130,-1.38,38.6
41.29909,69.25785,91-sonli ixtisoslashtrilgan davlat umumi,670,-0.92,37.0
41.27357,69.22997,100-sonli umumiy o'rta ta'lim maktabi,663,-2.81,35.1
41.28815,69.26018,118-sonli umumiy o'rta ta'lim maktabi,214,-1.02,38.1
41.26870,69.25004,127-sonli umumiy o'rta ta'lim maktabi,130,-1.55,38.5
41.28917,69.24714,135-sonli umumiy o'rta ta'lim maktabi,371,-1.44,36.9
41.28199,69.23656,144-sonli umumiy o'rta ta'lim maktabi,137,-2.38,37.5
41.29173,69.26227,160-sonli ixtisoslashtirilgan davlat umu,54,-0.9,40.5
41.26164,69.22652,172-sonli umumiy o'rta ta'lim maktabi,34,-2.16,39.7
41.26706,69.23752,319-sonli ixtisoslashtirilgan davlat umu,81,-2.07,38.7
41.27451,69.26303,321-sonli umumiy o'rta ta'lim maktabi,354,-1.11,37.3
41.26931,69.23461,"118,Tashkent,Yakkasaroy",61,-2.32,38.9
41.28205,69.36739,23-sonli umumiy o'rta ta'lim maktabi,540,-2.37,35.7
41.28985,69.31865,30-sonli umumiy o'rta ta'lim maktabi,1303,-1.4,36.5
41.28609,69.35582,61-sonli umumiy o'rta ta'lim maktabi,343,-3.61,34.8
41.27531,69.34497,67-sonli umumiy o'rta ta'lim maktabi,1392,-0.97,36.9
41.31738,69.31401,69-sonli umumiy o'rta ta'lim maktabi,53,-0.47,40.9
41.30391,69.28758,145-sonli umumiy o'rta ta'lim maktabi,35,-0.24,41.6
41.28256,69.34405,149-sonli umumiy o'rta ta'lim maktabi,1368,-2.36,35.5
41.28110,69.34694,151-sonli umumiy o'rta ta'lim maktabi,1148,-2.21,35.7
41.29857,69.35950,152-sonli umumiy o'rta ta'lim maktabi,600,-5.14,32.9
41.29195,69.32972,153-sonli umumiy o'rta ta'lim maktabi,1449,-2.27,35.6
41.28670,69.32642,155-sonli umumiy o'rta ta'lim maktabi,1769,-1.73,36.2
41.26689,69.31699,156-sonli umumiy o'rta ta'lim maktabi,207,-0.3,38.9
41.30104,69.30957,161-sonli umumiy o'rta ta'lim maktabi,384,-0.91,37.4
41.29435,69.34177,166-sonli umumiy o'rta ta'lim maktabi,746,-3.62,34.3
41.26915,69.31792,170-sonli umumiy o'rta ta'lim maktabi,378,-0.4,37.9
41.27169,69.34988,198-sonli umumiy o'rta ta'lim maktabi,1035,-0.05,37.9
41.29465,69.34472,204-sonli umumiy o'rta ta'lim maktabi,565,-3.96,34.1
41.25313,69.34005,206-sonli umumiy o'rta ta'lim maktabi,911,1.71,39.6
41.25365,69.34691,212-sonli umumiy o'rta ta'lim maktabi,684,2.38,40.3
41.24528,69.33151,215-sonli umumiy o'rta ta'lim maktabi,381,1.22,39.5
41.25940,69.32063,216-sonli umumiy o'rta ta'lim maktabi,153,0.16,39.9
41.28588,69.34251,226-sonli umumiy o'rta ta'lim maktabi,1358,-2.8,35.1
41.27610,69.35425,227-sonli ixtisoslashtirilgan davlat umu,611,-1.04,36.9
41.26600,69.35503,230-sonli umumiy o'rta ta'lim maktabi,776,1.64,39.6
41.27695,69.31262,231-sonli umumiy o'rta ta'lim maktabi,303,-0.74,37.8
41.29388,69.34653,244-sonli umumiy o'rta ta'lim maktabi,536,-4.1,33.9
41.29208,69.36278,255-sonli umumiy o'rta ta'lim maktabi,405,-4.7,33.5
41.29351,69.36622,282-sonli umumiy o'rta ta'lim maktabi,733,-4.72,33.2
41.31027,69.32339,307-sonli ixtisoslashtirilgan davlat umu,536,-1.46,36.6
41.27912,69.30875,"226,Tashkent,Yashnobod",96,-0.75,39.8
41.28579,69.33997,"227,Tashkent,Yashnobod",1536,-2.6,35.3
41.31629,69.31391,"230,Tashkent,Yashnobod",156,-0.53,39.1
41.19984,69.22257,2-sonli umumiy o’rta ta’lim maktabi,612,-2.33,35.6
41.19818,69.21815,3-sonli umumiy o’rta ta’lim maktabi,595,-2.38,35.6
41.20737,69.21608,8-sonli umumiy o'rta ta'lim maktabi,372,-1.06,37.3
41.23559,69.19081,32-sonli umumiy o’rta ta’lim maktabi,170,-0.42,39.1
41.19825,69.20991,285-sonli umumiy o’rta ta’lim maktabi,257,-1.96,36.8
41.17738,69.24700,292-sonli umumiy o’rta ta’lim maktabi,1233,-3.26,34.6
41.22406,69.18334,303-sonli ixtisoslashtirilgan davlat umu,298,-0.33,38.3
41.19529,69.21150,304-sonli umumiy o'rta ta'lim maktab,610,-2.42,35.6
41.22270,69.20354,Янгиҳаёт тумани мактабгача ва мактаб таъ,273,0.01,38.7
41.22395,69.20345,330-sonli umumiy o’rta ta’lim maktabi,255,0.01,38.8
41.21125,69.19900,331-sonli umumiy o'rta ta'lim maktabi,571,-0.33,37.7
41.17358,69.29476,335-sonli umumiy o`rta ta'lim maktabi,51,-1.43,40.0
41.18734,69.27654,336-sonli umumiy o`rta ta'lim maktabi,2091,-1.89,36.0
41.15641,69.42873,30-sonli umumiy o'rta ta'lim maktabi,384,0.03,38.3
41.16871,69.21909,58-sonli umumiy o'rta ta'lim maktabi,269,-3.32,35.4
41.18675,69.31679,38-sonli umumiy o'rta ta'lim maktabi,257,-0.62,38.2
41.15751,69.27200,40-sonli umumiy o'rta ta'lim maktabi,684,-2.08,35.9
41.18819,69.32885,54-sonli umumiy o'rta ta'lim maktabi,147,-0.28,39.5
41.15820,69.34561,58-sonli umumiy o'rta ta'lim maktabi,1619,-0.45,37.4
41.15480,69.38577,65-sonli umumiy o'rta ta'lim maktabi,2893,-0.09,37.8
41.15963,69.34049,"124-INTERNAT,Urtachirchiq,Tashkent",1166,-0.51,37.4
41.21620,69.30413,337-sonli umumiy o'rta ta'lim maktabi,2520,-0.37,37.5
41.22027,69.33360,345-sonli umumiy o'rta ta'lim maktabi,53,0.83,42.2
41.21623,69.32390,346-sonli umumiy o'rta ta'lim maktabi,876,0.31,38.2
41.21369,69.34027,348-sonli umumiy o'rta ta'lim maktabi,457,0.84,39.0
41.35788,69.36870,205-sonli ixtisoslashtirilgan davlat umu,368,0.6,38.9
41.34814,69.38723,120-sonli umumiy o'rta ta'lim maktabi,1145,-0.82,37.1
41.32732,69.34510,241-sonli umumiy o'rta ta'lim maktabi,647,-0.9,37.1
41.31800,69.35344,275-sonli umumiy o'rta ta'lim maktabi,235,-2.73,36.2
41.32340,69.36110,338-sonli umumiy o'rta ta'lim maktabi,149,-2.05,37.7
41.24688,69.29849,47-sonli umumiy o'rta ta'lim maktabi,286,-0.28,38.4
41.28098,69.37031,339-sonli umumiy o'rta ta'lim maktabi,769,-1.89,36.0
41.21272,69.19516,332-sonli umumiy o’rta ta’lim maktabi,212,-0.28,38.8
41.18543,69.44025,33-sonli umumiy o'rta ta'lim maktabi,2700,0.32,38.2
41.34874,69.34041,190-sonli ayrim fanlar chuqur o'qitiladi,623,1.21,39.2
41.23254,69.35786,37-sonli umumiy o'rta ta'lim maktabi,1033,2.7,40.6
41.23706,69.37226,347-sonli umumiy o'rta ta'lim maktabi,632,3.58,41.6
41.33304,69.40699,343-sonli umumiy o'rta ta'lim maktabi,1048,-2.64,35.3
41.22902,69.28047,352-sonli umumiy o'rta ta'lim maktabi,839,-0.77,37.2
41.23953,69.25469,353-sonli umumiy o'rta ta'lim maktabi,534,-1.0,37.0
41.33951,69.22337,111-sonli umumiy o'rta ta'lim maktabi,96,6.29,46.8
41.33320,69.30405,99-sonli ayrim fanlar chuqur o'qitiladig,59,0.84,42.1
41.38716,69.26016,354-sonli umumiy o'rta ta'lim maktabi,937,4.62,42.5
41.32983,69.23000,1-sonli umumiy o'rta ta'lim maktabi,214,2.64,41.7
41.21877,69.18939,356-sonli umumiy o'rta ta'lim maktabi,540,-0.21,37.8
41.28968,69.39062,341-sonli umumiy o'rta ta'lim maktabi,2571,-2.1,35.8
41.32914,69.33672,171-sonli ayrim fanlar chuqur o'qitiladi,474,-0.38,37.7
41.22496,69.29034,351-sonli umumiy o'rta ta'lim maktabi,1773,-0.61,37.3
41.33619,69.42859,344-sonli umumiy o'rta ta'lim maktabi,1103,-3.7,34.2
41.28028,69.18673,355-sonli ayrim fanlar chuqur o'qitiladi,478,-2.38,35.7
41.23602,69.23021,349-sonli umumiy o'rta ta'lim maktabi,884,-0.82,37.1
41.24120,69.36622,358-sonli umumiy o'rta ta'lim maktabi,1310,3.82,41.7
41.37288,69.35213,Qibray tumani 42-maktab,1879,0.96,38.9
41.35772,69.36336,221-sonli umumiy o'rta ta'lim maktabi,309,0.85,39.4
41.21695,69.24616,350-sonli umumiy o'rta ta'lim maktabi,90,-1.29,39.4
41.35082,69.31690,239-sonli ayrim fanlari chuqur o'qitilad,74,1.13,42.1
41.30383,69.40282,340-sonli umumiy o'rta ta'lim maktabi,2040,-2.36,35.5
41.29953,69.13213,24-sonli umumiy o'rta ta'lim maktabi,1563,0.14,38.0
