date,value_mean,value_std,value_min,value_max,hourly_count,locationId,location,parameter,unit,latitude,longitude,country,city
2022-01-01,90.755,75.76191907949993,30.55,290.0,24,4902926,Sputnik-4,pm25,µg/m³,41.204655,69.232522,UZ,Tashkent
2022-01-02,76.41708333333334,39.50585806634214,22.73,180.42,24,4902926,Sputnik-4,pm25,µg/m³,41.204655,69.232522,UZ,Tashkent
2022-01-03,107.97375,63.62499835568461,29.49,290.0,24,4902926,Sputnik-4,pm25,µg/m³,41.204655,69.232522,UZ,Tashkent
2022-01-04,102.11958333333332,73.01742743013132,22.69,290.0,24,4902926,Sputnik-4,pm25,µg/m³,41.204655,69.232522,UZ,Tashkent
2022-01-05,101.19416666666666,70.2420461173621,22.72,290.0,24,4902926,Sputnik-4,pm25,µg/m³,41.204655,69.232522,UZ,Tashkent
2022-01-06,74.04208333333334,44.94233154873288,28.94,197.89,24,4902926,Sputnik-4,pm25,µg/m³,41.204655,69.232522,UZ,Tashkent
2022-01-07,104.8625,64.0118579537858,21.33,241.92,24,4902926,Sputnik-4,pm25,µg/m³,41.204655,69.232522,UZ,Tashkent
2022-01-08,63.40291666666667,37.1016814899818,13.79,145.01,24,4902926,Sputnik-4,pm25,µg/m³,41.204655,69.232522,UZ,Tashkent
2022-01-09,67.62625,44.77311876100387,15.12,184.32,24,4902926,Sputnik-4,pm25,µg/m³,41.204655,69.232522,UZ,Tashkent
2022-01-10,84.015,48.017641776113194,22.36,184.66,24,4902926,Sputnik-4,pm25,µg/m³,41.204655,69.232522,UZ,Tashkent
2022-01-11,98.68083333333334,68.62174474209525,14.57,290.0,24,4902926,Sputnik-4,pm25,µg/m³,41.204655,69.232522,UZ,Tashkent
2022-01-12,96.05291666666666,70.06582746303442,23.13,248.44,24,4902926,Sputnik-4,pm25,µg/m³,41.204655,69.232522,UZ,Tashkent
2022-01-13,95.47958333333334,59.8029622269933,18.82,290.0,24,4902926,Sputnik-4,pm25,µg/m³,41.204655,69.232522,UZ,Tashkent
2022-01-14,80.71625,42.230880604486984,28.97,162.22,24,4902926,Sputnik-4,pm25,µg/m³,41.204655,69.232522,UZ,Tashkent
2022-01-15,95.21708333333333,59.839794486333815,18.39,232.14,24,4902926,Sputnik-4,pm25,µg/m³,41.204655,69.232522,UZ,Tashkent
2022-01-16,83.76708333333333,48.0301627584318,16.85,216.24,24,4902926,Sputnik-4,pm25,µg/m³,41.204655,69.232522,UZ,Tashkent
2022-01-17,106.16958333333334,61.19631549573571,36.62,255.14,24,4902926,Sputnik-4,pm25,µg/m³,41.204655,69.232522,UZ,Tashkent
2022-01-18,84.27458333333333,58.72580123126141,21.5,243.49,24,4902926,Sputnik-4,pm25,µg/m³,41.204655,69.232522,UZ,Tashkent
2022-01-19,98.96041666666667,54.039577805383146,32.58,250.21,24,4902926,Sputnik-4,pm25,µg/m³,41.204655,69.232522,UZ,Tashkent
2022-01-20,84.69791666666667,54.02466908167099,33.61,237.54,24,4902926,Sputnik-4,pm25,µg/m³,41.204655,69.232522,UZ,Tashkent
2022-01-21,82.57875,42.520885641774555,27.88,182.93,24,4902926,Sputnik-4,pm25,µg/m³,41.204655,69.232522,UZ,Tashkent
2022-01-22,63.9325,44.46225710107101,17.55,232.42,24,4902926,Sputnik-4,pm25,µg/m³,41.204655,69.232522,UZ,Tashkent
2022-01-23,60.69291666666666,33.37990732255437,15.83,149.04,24,4902926,Sputnik-4,pm25,µg/m³,41.204655,69.232522,UZ,Tashkent
2022-01-24,95.24833333333333,53.0672591001815,29.03,242.87,24,4902926,Sputnik-4,pm25,µg/m³,41.204655,69.232522,UZ,Tashkent
2022-01-25,85.81875000000001,41.946851911986045,26.22,167.0,24,4902926,Sputnik-4,pm25,µg/m³,41.204655,69.232522,UZ,Tashkent
2022-01-26,94.55541666666666,58.60832245243337,23.41,290.0,24,4902926,Sputnik-4,pm25,µg/m³,41.204655,69.232522,UZ,Tashkent
2022-01-27,95.52333333333333,60.539397784070914,32.44,263.77,24,4902926,Sputnik-4,pm25,µg/m³,41.204655,69.232522,UZ,Tashkent
2022-01-28,85.55958333333332,43.674397980387496,34.56,184.52,24,4902926,Sputnik-4,pm25,µg/m³,41.204655,69.232522,UZ,Tashkent
2022-01-29,76.92541666666666,48.78335442939588,22.07,270.39,24,4902926,Sputnik-4,pm25,µg/m³,41.204655,69.232522,UZ,Tashkent
2022-01-30,69.13458333333334,50.36392549358308,19.25,222.34,24,4902926,Sputnik-4,pm25,µg/m³,41.204655,69.232522,UZ,Tashkent
2022-01-31,81.06125,44.83997433506809,24.81,187.32,24,4902926,Sputnik-4,pm25,µg/m³,41.204655,69.232522,UZ,Tashkent
2022-02-01,83.85875,52.78938416934092,15.56,227.36,24,4902926,Sputnik-4,pm25,µg/m³,41.204655,69.232522,UZ,Tashkent
2022-02-02,73.43625,33.876122514692184,22.08,144.36,24,4902926,Sputnik-4,pm25,µg/m³,41.204655,69.232522,UZ,Tashkent
2022-02-03,74.32125,39.61881857559722,11.89,189.96,24,4902926,Sputnik-4,pm25,µg/m³,41.204655,69.232522,UZ,Tashkent
2022-02-04,77.07958333333333,52.73213297075065,33.45,255.74,24,4902926,Sputnik-4,pm25,µg/m³,41.204655,69.232522,UZ,Tashkent
2022-02-05,70.21916666666667,42.26033014096303,15.75,160.52,24,4902926,Sputnik-4,pm25,µg/m³,41.204655,69.232522,UZ,Tashkent
2022-02-06,66.00750000000001,54.57753202714386,22.04,275.19,24,4902926,Sputnik-4,pm25,µg/m³,41.204655,69.232522,UZ,Tashkent
2022-02-07,94.53541666666666,66.98215531209505,25.29,290.0,24,4902926,Sputnik-4,pm25,µg/m³,41.204655,69.232522,UZ,Tashkent
2022-02-08,73.55083333333333,52.4845395800281,19.14,193.07,24,4902926,Sputnik-4,pm25,µg/m³,41.204655,69.232522,UZ,Tashkent
2022-02-09,63.572916666666664,31.335893918076245,23.89,154.72,24,4902926,Sputnik-4,pm25,µg/m³,41.204655,69.232522,UZ,Tashkent
2022-02-10,93.77999999999999,61.46653829877508,17.05,290.0,24,4902926,Sputnik-4,pm25,µg/m³,41.204655,69.232522,UZ,Tashkent
2022-02-11,91.99416666666667,81.76897449876519,13.08,290.0,24,4902926,Sputnik-4,pm25,µg/m³,41.204655,69.232522,UZ,Tashkent
2022-02-12,65.10041666666667,31.06016594473527,13.56,118.23,24,4902926,Sputnik-4,pm25,µg/m³,41.204655,69.232522,UZ,Tashkent
2022-02-13,69.02041666666666,26.218592884865483,21.86,128.69,24,4902926,Sputnik-4,pm25,µg/m³,41.204655,69.232522,UZ,Tashkent
2022-02-14,89.23875,51.43623999988808,13.87,181.26,24,4902926,Sputnik-4,pm25,µg/m³,41.204655,69.232522,UZ,Tashkent
2022-02-15,71.17416666666666,54.9265174666526,24.73,254.21,24,4902926,Sputnik-4,pm25,µg/m³,41.204655,69.232522,UZ,Tashkent
2022-02-16,71.01333333333334,37.56609163301008,35.49,156.68,24,4902926,Sputnik-4,pm25,µg/m³,41.204655,69.232522,UZ,Tashkent
2022-02-17,78.82000000000001,64.67996786856237,19.68,290.0,24,4902926,Sputnik-4,pm25,µg/m³,41.204655,69.232522,UZ,Tashkent
2022-02-18,76.74291666666666,46.62120272254998,18.08,212.79,24,4902926,Sputnik-4,pm25,µg/m³,41.204655,69.232522,UZ,Tashkent
2022-02-19,57.13375,26.792767001318786,20.74,142.05,24,4902926,Sputnik-4,pm25,µg/m³,41.204655,69.232522,UZ,Tashkent
2022-02-20,78.64291666666666,57.68077575001213,23.11,290.0,24,4902926,Sputnik-4,pm25,µg/m³,41.204655,69.232522,UZ,Tashkent
2022-02-21,72.49291666666666,38.722116417092195,15.7,148.18,24,4902926,Sputnik-4,pm25,µg/m³,41.204655,69.232522,UZ,Tashkent
2022-02-22,90.63083333333333,53.13059307983012,23.11,260.0,24,4902926,Sputnik-4,pm25,µg/m³,41.204655,69.232522,UZ,Tashkent
2022-02-23,79.27666666666666,48.420768421130546,18.69,233.39,24,4902926,Sputnik-4,pm25,µg/m³,41.204655,69.232522,UZ,Tashkent
2022-02-24,85.05708333333332,68.0648636598666,16.12,290.0,24,4902926,Sputnik-4,pm25,µg/m³,41.204655,69.232522,UZ,Tashkent
2022-02-25,74.5125,33.89042409962102,16.75,138.78,24,4902926,Sputnik-4,pm25,µg/m³,41.204655,69.232522,UZ,Tashkent
2022-02-26,65.71124999999999,41.48649097178711,17.87,175.09,24,4902926,Sputnik-4,pm25,µg/m³,41.204655,69.232522,UZ,Tashkent
2022-02-27,81.44500000000001,57.37637886947828,21.57,216.71,24,4902926,Sputnik-4,pm25,µg/m³,41.204655,69.232522,UZ,Tashkent
2022-02-28,84.13541666666667,61.725351143042396,24.96,284.43,24,4902926,Sputnik-4,pm25,µg/m³,41.204655,69.232522,UZ,Tashkent
2022-03-01,55.572916666666664,31.626231885842827,11.79,143.51,24,4902926,Sputnik-4,pm25,µg/m³,41.204655,69.232522,UZ,Tashkent
2022-03-02,53.6025,20.83248263190673,26.61,94.25,24,4902926,Sputnik-4,pm25,µg/m³,41.204655,69.232522,UZ,Tashkent
2022-03-03,52.87166666666667,30.12357096255741,22.93,139.91,24,4902926,Sputnik-4,pm25,µg/m³,41.204655,69.232522,UZ,Tashkent
2022-03-04,55.93375,29.545487526053346,21.28,133.96,24,4902926,Sputnik-4,pm25,µg/m³,41.204655,69.232522,UZ,Tashkent
2022-03-05,47.19375,28.250660756027884,8.75,119.09,24,4902926,Sputnik-4,pm25,µg/m³,41.204655,69.232522,UZ,Tashkent
2022-03-06,55.08208333333334,44.291896891571746,20.16,229.16,24,4902926,Sputnik-4,pm25,µg/m³,41.204655,69.232522,UZ,Tashkent
2022-03-07,59.763749999999995,36.91705777674196,11.24,144.54,24,4902926,Sputnik-4,pm25,µg/m³,41.204655,69.232522,UZ,Tashkent
2022-03-08,64.08083333333333,37.706812083975386,23.32,176.34,24,4902926,Sputnik-4,pm25,µg/m³,41.204655,69.232522,UZ,Tashkent
2022-03-09,53.655833333333334,30.518478068592948,13.79,151.68,24,4902926,Sputnik-4,pm25,µg/m³,41.204655,69.232522,UZ,Tashkent
2022-03-10,67.77666666666667,54.113756481875384,19.42,184.03,24,4902926,Sputnik-4,pm25,µg/m³,41.204655,69.232522,UZ,Tashkent
2022-03-11,63.00208333333333,28.622610244527753,21.79,111.63,24,4902926,Sputnik-4,pm25,µg/m³,41.204655,69.232522,UZ,Tashkent
2022-03-12,54.15083333333333,43.265498848155104,12.35,197.17,24,4902926,Sputnik-4,pm25,µg/m³,41.204655,69.232522,UZ,Tashkent
2022-03-13,52.79541666666666,30.67128184888306,12.8,146.06,24,4902926,Sputnik-4,pm25,µg/m³,41.204655,69.232522,UZ,Tashkent
2022-03-14,66.66916666666667,43.64397004185678,11.44,181.63,24,4902926,Sputnik-4,pm25,µg/m³,41.204655,69.232522,UZ,Tashkent
2022-03-15,54.89333333333334,29.461196095242276,17.22,107.48,24,4902926,Sputnik-4,pm25,µg/m³,41.204655,69.232522,UZ,Tashkent
2022-03-16,51.12083333333334,34.84406117655292,12.95,159.22,24,4902926,Sputnik-4,pm25,µg/m³,41.204655,69.232522,UZ,Tashkent
2022-03-17,78.6425,81.18095885387646,12.81,290.0,24,4902926,Sputnik-4,pm25,µg/m³,41.204655,69.232522,UZ,Tashkent
2022-03-18,63.262499999999996,44.64406521247424,17.02,219.45,24,4902926,Sputnik-4,pm25,µg/m³,41.204655,69.232522,UZ,Tashkent
2022-03-19,45.115833333333335,22.04791401286844,7.36,100.94,24,4902926,Sputnik-4,pm25,µg/m³,41.204655,69.232522,UZ,Tashkent
2022-03-20,52.24208333333333,29.3543450571101,18.64,135.88,24,4902926,Sputnik-4,pm25,µg/m³,41.204655,69.232522,UZ,Tashkent
2022-03-21,48.94625,17.809382923299047,16.05,89.3,24,4902926,Sputnik-4,pm25,µg/m³,41.204655,69.232522,UZ,Tashkent
2022-03-22,59.80416666666667,27.66567845712,13.47,137.91,24,4902926,Sputnik-4,pm25,µg/m³,41.204655,69.232522,UZ,Tashkent
2022-03-23,64.54916666666666,55.847206143709386,14.5,290.0,24,4902926,Sputnik-4,pm25,µg/m³,41.204655,69.232522,UZ,Tashkent
2022-03-24,66.26041666666667,38.827087751943246,13.67,167.16,24,4902926,Sputnik-4,pm25,µg/m³,41.204655,69.232522,UZ,Tashkent
2022-03-25,63.60166666666667,55.71668695998625,19.27,290.0,24,4902926,Sputnik-4,pm25,µg/m³,41.204655,69.232522,UZ,Tashkent
2022-03-26,57.09833333333333,44.78027726448395,24.67,195.67,24,4902926,Sputnik-4,pm25,µg/m³,41.204655,69.232522,UZ,Tashkent
2022-03-27,42.57666666666667,21.14891932004558,19.8,107.05,24,4902926,Sputnik-4,pm25,µg/m³,41.204655,69.232522,UZ,Tashkent
2022-03-28,51.59,20.23848464854929,20.05,97.44,24,4902926,Sputnik-4,pm25,µg/m³,41.204655,69.232522,UZ,Tashkent
2022-03-29,51.874583333333334,29.041465105449046,13.28,117.79,24,4902926,Sputnik-4,pm25,µg/m³,41.204655,69.232522,UZ,Tashkent
2022-03-30,42.64458333333334,28.702637354835325,16.32,169.25,24,4902926,Sputnik-4,pm25,µg/m³,41.204655,69.232522,UZ,Tashkent
2022-03-31,59.36375,39.96528263081433,13.42,154.05,24,4902926,Sputnik-4,pm25,µg/m³,41.204655,69.232522,UZ,Tashkent
2022-04-01,37.566250000000004,20.78365888457648,15.05,92.12,24,4902926,Sputnik-4,pm25,µg/m³,41.204655,69.232522,UZ,Tashkent
2022-04-02,30.8475,14.329430417394704,8.93,65.12,24,4902926,Sputnik-4,pm25,µg/m³,41.204655,69.232522,UZ,Tashkent
2022-04-03,29.927083333333332,21.22633874083281,5.06,97.39,24,4902926,Sputnik-4,pm25,µg/m³,41.204655,69.232522,UZ,Tashkent
2022-04-04,33.90291666666666,30.125969221885143,9.79,149.82,24,4902926,Sputnik-4,pm25,µg/m³,41.204655,69.232522,UZ,Tashkent
2022-04-05,35.895833333333336,25.077570077949993,7.62,123.48,24,4902926,Sputnik-4,pm25,µg/m³,41.204655,69.232522,UZ,Tashkent
2022-04-06,35.385,32.39134452288142,12.65,151.89,24,4902926,Sputnik-4,pm25,µg/m³,41.204655,69.232522,UZ,Tashkent
2022-04-07,46.913333333333334,54.28771401296636,5.22,273.18,24,4902926,Sputnik-4,pm25,µg/m³,41.204655,69.232522,UZ,Tashkent
2022-04-08,48.60333333333333,35.15835130757224,15.63,171.19,24,4902926,Sputnik-4,pm25,µg/m³,41.204655,69.232522,UZ,Tashkent
2022-04-09,34.559999999999995,21.40926962992798,8.04,91.49,24,4902926,Sputnik-4,pm25,µg/m³,41.204655,69.232522,UZ,Tashkent
2022-04-10,42.44958333333333,34.90516835770471,8.06,164.04,24,4902926,Sputnik-4,pm25,µg/m³,41.204655,69.232522,UZ,Tashkent
2022-04-11,38.208333333333336,23.979913091670245,13.57,113.99,24,4902926,Sputnik-4,pm25,µg/m³,41.204655,69.232522,UZ,Tashkent
2022-04-12,40.310833333333335,23.075346889222942,11.26,85.53,24,4902926,Sputnik-4,pm25,µg/m³,41.204655,69.232522,UZ,Tashkent
2022-04-13,34.58083333333333,22.462303477965744,12.59,113.15,24,4902926,Sputnik-4,pm25,µg/m³,41.204655,69.232522,UZ,Tashkent
2022-04-14,45.07916666666667,28.25970997676753,11.08,108.8,24,4902926,Sputnik-4,pm25,µg/m³,41.204655,69.232522,UZ,Tashkent
2022-04-15,33.79,30.599793122347002,10.01,154.3,24,4902926,Sputnik-4,pm25,µg/m³,41.204655,69.232522,UZ,Tashkent
2022-04-16,41.254583333333336,37.50639724902206,10.31,151.3,24,4902926,Sputnik-4,pm25,µg/m³,41.204655,69.232522,UZ,Tashkent
2022-04-17,36.89,32.76310411582437,5.16,166.87,24,4902926,Sputnik-4,pm25,µg/m³,41.204655,69.232522,UZ,Tashkent
2022-04-18,36.55625,19.220239516333226,6.44,80.81,24,4902926,Sputnik-4,pm25,µg/m³,41.204655,69.232522,UZ,Tashkent
2022-04-19,35.425000000000004,22.027711400988018,15.21,104.71,24,4902926,Sputnik-4,pm25,µg/m³,41.204655,69.232522,UZ,Tashkent
2022-04-20,36.615833333333335,17.060484451214887,12.49,74.68,24,4902926,Sputnik-4,pm25,µg/m³,41.204655,69.232522,UZ,Tashkent
2022-04-21,51.01791666666667,45.52868183226984,12.32,221.51,24,4902926,Sputnik-4,pm25,µg/m³,41.204655,69.232522,UZ,Tashkent
2022-04-22,35.80583333333333,20.8253135926421,11.54,87.92,24,4902926,Sputnik-4,pm25,µg/m³,41.204655,69.232522,UZ,Tashkent
2022-04-23,32.89875,16.73980762252453,10.25,70.38,24,4902926,Sputnik-4,pm25,µg/m³,41.204655,69.232522,UZ,Tashkent
2022-04-24,35.77375,22.75016690096447,10.47,113.68,24,4902926,Sputnik-4,pm25,µg/m³,41.204655,69.232522,UZ,Tashkent
2022-04-25,36.906666666666666,17.809773737465342,8.93,77.28,24,4902926,Sputnik-4,pm25,µg/m³,41.204655,69.232522,UZ,Tashkent
2022-04-26,47.49125,43.84522316081581,9.27,180.0,24,4902926,Sputnik-4,pm25,µg/m³,41.204655,69.232522,UZ,Tashkent
2022-04-27,43.01125,31.456393324382578,6.33,124.85,24,4902926,Sputnik-4,pm25,µg/m³,41.204655,69.232522,UZ,Tashkent
2022-04-28,38.23416666666667,23.275556859105418,8.73,101.14,24,4902926,Sputnik-4,pm25,µg/m³,41.204655,69.232522,UZ,Tashkent
2022-04-29,38.46666666666667,20.436145443299974,16.7,93.99,24,4902926,Sputnik-4,pm25,µg/m³,41.204655,69.232522,UZ,Tashkent
2022-04-30,33.565,17.921539627183144,12.59,83.81,24,4902926,Sputnik-4,pm25,µg/m³,41.204655,69.232522,UZ,Tashkent
2022-05-01,30.485416666666666,25.515794252591466,7.48,123.6,24,4902926,Sputnik-4,pm25,µg/m³,41.204655,69.232522,UZ,Tashkent
2022-05-02,28.70875,16.304325996362195,7.49,82.35,24,4902926,Sputnik-4,pm25,µg/m³,41.204655,69.232522,UZ,Tashkent
2022-05-03,29.196250000000003,17.558969914448905,9.86,69.8,24,4902926,Sputnik-4,pm25,µg/m³,41.204655,69.232522,UZ,Tashkent
2022-05-04,34.901666666666664,25.6836775550859,9.2,105.42,24,4902926,Sputnik-4,pm25,µg/m³,41.204655,69.232522,UZ,Tashkent
2022-05-05,34.26625,23.322076649370878,11.47,97.42,24,4902926,Sputnik-4,pm25,µg/m³,41.204655,69.232522,UZ,Tashkent
2022-05-06,35.52,19.443202455848944,14.85,83.64,24,4902926,Sputnik-4,pm25,µg/m³,41.204655,69.232522,UZ,Tashkent
2022-05-07,30.115,18.776027037271433,10.61,74.67,24,4902926,Sputnik-4,pm25,µg/m³,41.204655,69.232522,UZ,Tashkent
2022-05-08,34.77666666666667,28.69377703579141,8.0,124.79,24,4902926,Sputnik-4,pm25,µg/m³,41.204655,69.232522,UZ,Tashkent
2022-05-09,33.422916666666666,18.245410972569815,12.91,75.7,24,4902926,Sputnik-4,pm25,µg/m³,41.204655,69.232522,UZ,Tashkent
2022-05-10,32.66625,22.03090138330408,6.29,106.09,24,4902926,Sputnik-4,pm25,µg/m³,41.204655,69.232522,UZ,Tashkent
2022-05-11,34.89083333333333,18.121434561858237,9.16,75.45,24,4902926,Sputnik-4,pm25,µg/m³,41.204655,69.232522,UZ,Tashkent
2022-05-12,30.49625,22.788659043003406,5.1,102.29,24,4902926,Sputnik-4,pm25,µg/m³,41.204655,69.232522,UZ,Tashkent
2022-05-13,34.865,22.12719200637434,5.09,113.08,24,4902926,Sputnik-4,pm25,µg/m³,41.204655,69.232522,UZ,Tashkent
2022-05-14,32.028333333333336,31.859502529846186,6.95,153.68,24,4902926,Sputnik-4,pm25,µg/m³,41.204655,69.232522,UZ,Tashkent
2022-05-15,30.354166666666668,18.51986616457104,9.93,69.1,24,4902926,Sputnik-4,pm25,µg/m³,41.204655,69.232522,UZ,Tashkent
2022-05-16,33.321666666666665,19.168618753774,7.17,79.64,24,4902926,Sputnik-4,pm25,µg/m³,41.204655,69.232522,UZ,Tashkent
2022-05-17,32.180416666666666,21.102028437253768,9.83,82.35,24,4902926,Sputnik-4,pm25,µg/m³,41.204655,69.232522,UZ,Tashkent
2022-05-18,29.30458333333333,17.432763750844373,5.36,63.18,24,4902926,Sputnik-4,pm25,µg/m³,41.204655,69.232522,UZ,Tashkent
2022-05-19,32.298750000000005,14.307851086637408,6.64,62.64,24,4902926,Sputnik-4,pm25,µg/m³,41.204655,69.232522,UZ,Tashkent
2022-05-20,31.235833333333332,17.106908321460093,8.97,62.69,24,4902926,Sputnik-4,pm25,µg/m³,41.204655,69.232522,UZ,Tashkent
2022-05-21,31.52541666666667,14.97506477569402,6.6,59.17,24,4902926,Sputnik-4,pm25,µg/m³,41.204655,69.232522,UZ,Tashkent
2022-05-22,27.36375,18.119997555547393,6.44,63.79,24,4902926,Sputnik-4,pm25,µg/m³,41.204655,69.232522,UZ,Tashkent
2022-05-23,33.29083333333333,18.37706768411834,9.33,79.77,24,4902926,Sputnik-4,pm25,µg/m³,41.204655,69.232522,UZ,Tashkent
2022-05-24,30.006249999999998,20.785107087297746,11.12,110.81,24,4902926,Sputnik-4,pm25,µg/m³,41.204655,69.232522,UZ,Tashkent
2022-05-25,28.332916666666666,16.124715428339425,8.52,76.1,24,4902926,Sputnik-4,pm25,µg/m³,41.204655,69.232522,UZ,Tashkent
2022-05-26,34.82791666666667,20.93089145760746,6.25,112.49,24,4902926,Sputnik-4,pm25,µg/m³,41.204655,69.232522,UZ,Tashkent
2022-05-27,25.56041666666667,14.33959385731526,7.79,67.33,24,4902926,Sputnik-4,pm25,µg/m³,41.204655,69.232522,UZ,Tashkent
2022-05-28,29.894583333333333,16.116115612253974,4.14,62.72,24,4902926,Sputnik-4,pm25,µg/m³,41.204655,69.232522,UZ,Tashkent
2022-05-29,22.881666666666664,8.69606691039949,5.32,37.06,24,4902926,Sputnik-4,pm25,µg/m³,41.204655,69.232522,UZ,Tashkent
2022-05-30,39.412083333333335,35.13753461683496,8.69,166.86,24,4902926,Sputnik-4,pm25,µg/m³,41.204655,69.232522,UZ,Tashkent
2022-05-31,40.43958333333333,27.383063550013137,18.06,123.11,24,4902926,Sputnik-4,pm25,µg/m³,41.204655,69.232522,UZ,Tashkent
2022-06-01,42.47166666666667,18.722971398018384,17.7,100.23,24,4902926,Sputnik-4,pm25,µg/m³,41.204655,69.232522,UZ,Tashkent
2022-06-02,39.880833333333335,22.32475481469465,13.59,97.97,24,4902926,Sputnik-4,pm25,µg/m³,41.204655,69.232522,UZ,Tashkent
2022-06-03,52.12083333333334,32.04787070409931,11.61,129.62,24,4902926,Sputnik-4,pm25,µg/m³,41.204655,69.232522,UZ,Tashkent
2022-06-04,29.550416666666667,14.063755599340137,5.95,71.54,24,4902926,Sputnik-4,pm25,µg/m³,41.204655,69.232522,UZ,Tashkent
2022-06-05,34.09291666666667,22.818279758193615,4.75,95.35,24,4902926,Sputnik-4,pm25,µg/m³,41.204655,69.232522,UZ,Tashkent
2022-06-06,38.437916666666666,19.43389239786729,9.7,73.97,24,4902926,Sputnik-4,pm25,µg/m³,41.204655,69.232522,UZ,Tashkent
2022-06-07,37.71958333333333,17.471448878264138,12.84,83.93,24,4902926,Sputnik-4,pm25,µg/m³,41.204655,69.232522,UZ,Tashkent
2022-06-08,39.28208333333333,22.303099215164007,10.52,85.29,24,4902926,Sputnik-4,pm25,µg/m³,41.204655,69.232522,UZ,Tashkent
2022-06-09,39.11958333333333,21.302442292960862,11.91,97.5,24,4902926,Sputnik-4,pm25,µg/m³,41.204655,69.232522,UZ,Tashkent
2022-06-10,39.64833333333333,18.95360483475067,9.04,78.8,24,4902926,Sputnik-4,pm25,µg/m³,41.204655,69.232522,UZ,Tashkent
2022-06-11,32.727916666666665,19.364101698799487,8.44,96.32,24,4902926,Sputnik-4,pm25,µg/m³,41.204655,69.232522,UZ,Tashkent
2022-06-12,37.60875,26.235374445252518,8.96,103.66,24,4902926,Sputnik-4,pm25,µg/m³,41.204655,69.232522,UZ,Tashkent
2022-06-13,29.159166666666668,15.323966428488717,6.04,78.56,24,4902926,Sputnik-4,pm25,µg/m³,41.204655,69.232522,UZ,Tashkent
2022-06-14,49.63625,49.19073470663211,9.73,254.79,24,4902926,Sputnik-4,pm25,µg/m³,41.204655,69.232522,UZ,Tashkent
2022-06-15,49.880833333333335,35.51697486587488,11.82,145.73,24,4902926,Sputnik-4,pm25,µg/m³,41.204655,69.232522,UZ,Tashkent
2022-06-16,41.752500000000005,27.834107830064394,9.35,132.74,24,4902926,Sputnik-4,pm25,µg/m³,41.204655,69.232522,UZ,Tashkent
2022-06-17,33.401666666666664,23.33272877063585,10.09,97.69,24,4902926,Sputnik-4,pm25,µg/m³,41.204655,69.232522,UZ,Tashkent
2022-06-18,39.693333333333335,32.504640426796946,13.97,147.16,24,4902926,Sputnik-4,pm25,µg/m³,41.204655,69.232522,UZ,Tashkent
2022-06-19,32.30166666666667,24.000921117589503,7.47,112.25,24,4902926,Sputnik-4,pm25,µg/m³,41.204655,69.232522,UZ,Tashkent
2022-06-20,38.8575,19.88957412051983,11.04,79.55,24,4902926,Sputnik-4,pm25,µg/m³,41.204655,69.232522,UZ,Tashkent
2022-06-21,38.99166666666667,22.763387397246074,11.65,97.75,24,4902926,Sputnik-4,pm25,µg/m³,41.204655,69.232522,UZ,Tashkent
2022-06-22,39.50958333333333,29.71553341109321,6.57,136.03,24,4902926,Sputnik-4,pm25,µg/m³,41.204655,69.232522,UZ,Tashkent
2022-06-23,48.675000000000004,21.02596159203106,13.94,102.88,24,4902926,Sputnik-4,pm25,µg/m³,41.204655,69.232522,UZ,Tashkent
2022-06-24,34.61666666666667,16.966301041019303,14.84,64.93,24,4902926,Sputnik-4,pm25,µg/m³,41.204655,69.232522,UZ,Tashkent
2022-06-25,30.300416666666667,21.75420808450765,12.73,112.22,24,4902926,Sputnik-4,pm25,µg/m³,41.204655,69.232522,UZ,Tashkent
2022-06-26,35.961666666666666,14.52716635544732,15.25,72.83,24,4902926,Sputnik-4,pm25,µg/m³,41.204655,69.232522,UZ,Tashkent
2022-06-27,35.94083333333334,16.32850213228568,15.26,70.56,24,4902926,Sputnik-4,pm25,µg/m³,41.204655,69.232522,UZ,Tashkent
2022-06-28,45.094166666666666,33.142591134391544,13.48,125.91,24,4902926,Sputnik-4,pm25,µg/m³,41.204655,69.232522,UZ,Tashkent
2022-06-29,37.59041666666666,27.674981556753863,5.57,128.72,24,4902926,Sputnik-4,pm25,µg/m³,41.204655,69.232522,UZ,Tashkent
2022-06-30,47.708333333333336,38.6397622040872,10.06,153.45,24,4902926,Sputnik-4,pm25,µg/m³,41.204655,69.232522,UZ,Tashkent
2022-07-01,52.775416666666665,35.999945528843654,10.85,157.83,24,4902926,Sputnik-4,pm25,µg/m³,41.204655,69.232522,UZ,Tashkent
2022-07-02,49.02166666666667,29.492457203224994,13.5,123.22,24,4902926,Sputnik-4,pm25,µg/m³,41.204655,69.232522,UZ,Tashkent
2022-07-03,45.90166666666667,28.36063724473652,14.05,138.52,24,4902926,Sputnik-4,pm25,µg/m³,41.204655,69.232522,UZ,Tashkent
2022-07-04,43.98333333333333,24.28696423771522,11.35,106.45,24,4902926,Sputnik-4,pm25,µg/m³,41.204655,69.232522,UZ,Tashkent
2022-07-05,58.92125000000001,42.836044687348554,12.32,175.24,24,4902926,Sputnik-4,pm25,µg/m³,41.204655,69.232522,UZ,Tashkent
2022-07-06,58.6975,39.950223730123916,18.84,184.53,24,4902926,Sputnik-4,pm25,µg/m³,41.204655,69.232522,UZ,Tashkent
2022-07-07,43.43958333333333,31.733821825379426,8.05,146.74,24,4902926,Sputnik-4,pm25,µg/m³,41.204655,69.232522,UZ,Tashkent
2022-07-08,52.26208333333333,36.1615168952668,7.02,141.61,24,4902926,Sputnik-4,pm25,µg/m³,41.204655,69.232522,UZ,Tashkent
2022-07-09,43.802083333333336,46.17886284580732,12.06,243.67,24,4902926,Sputnik-4,pm25,µg/m³,41.204655,69.232522,UZ,Tashkent
2022-07-10,47.08166666666667,35.43592621431909,11.13,176.3,24,4902926,Sputnik-4,pm25,µg/m³,41.204655,69.232522,UZ,Tashkent
2022-07-11,49.76208333333333,36.85750728545138,13.13,154.11,24,4902926,Sputnik-4,pm25,µg/m³,41.204655,69.232522,UZ,Tashkent
2022-07-12,50.000416666666666,36.658020117694235,9.56,162.83,24,4902926,Sputnik-4,pm25,µg/m³,41.204655,69.232522,UZ,Tashkent
2022-07-13,60.623333333333335,43.68044639311106,16.33,205.48,24,4902926,Sputnik-4,pm25,µg/m³,41.204655,69.232522,UZ,Tashkent
2022-07-14,44.06833333333333,22.781265122457754,13.16,116.8,24,4902926,Sputnik-4,pm25,µg/m³,41.204655,69.232522,UZ,Tashkent
2022-07-15,43.35,29.59171417518909,10.45,148.46,24,4902926,Sputnik-4,pm25,µg/m³,41.204655,69.232522,UZ,Tashkent
2022-07-16,54.19625,54.600310145042066,12.23,290.0,24,4902926,Sputnik-4,pm25,µg/m³,41.204655,69.232522,UZ,Tashkent
2022-07-17,44.33166666666667,19.38276995206033,18.28,83.55,24,4902926,Sputnik-4,pm25,µg/m³,41.204655,69.232522,UZ,Tashkent
2022-07-18,55.02791666666667,37.43468967579655,11.33,164.34,24,4902926,Sputnik-4,pm25,µg/m³,41.204655,69.232522,UZ,Tashkent
2022-07-19,51.35458333333333,31.612477445679943,12.79,145.7,24,4902926,Sputnik-4,pm25,µg/m³,41.204655,69.232522,UZ,Tashkent
2022-07-20,48.157916666666665,22.906628427287092,12.37,113.17,24,4902926,Sputnik-4,pm25,µg/m³,41.204655,69.232522,UZ,Tashkent
2022-07-21,35.59458333333333,22.532246453774267,12.94,116.57,24,4902926,Sputnik-4,pm25,µg/m³,41.204655,69.232522,UZ,Tashkent
2022-07-22,57.14125000000001,56.439178137215535,11.15,262.37,24,4902926,Sputnik-4,pm25,µg/m³,41.204655,69.232522,UZ,Tashkent
2022-07-23,47.459583333333335,32.681967169674934,13.2,170.21,24,4902926,Sputnik-4,pm25,µg/m³,41.204655,69.232522,UZ,Tashkent
2022-07-24,32.88625,18.18840596129973,7.64,69.01,24,4902926,Sputnik-4,pm25,µg/m³,41.204655,69.232522,UZ,Tashkent
2022-07-25,51.20083333333333,32.37475357188962,7.45,125.04,24,4902926,Sputnik-4,pm25,µg/m³,41.204655,69.232522,UZ,Tashkent
2022-07-26,39.60375,23.564291484196467,12.0,104.81,24,4902926,Sputnik-4,pm25,µg/m³,41.204655,69.232522,UZ,Tashkent
2022-07-27,60.07916666666667,52.32245572589657,10.68,202.93,24,4902926,Sputnik-4,pm25,µg/m³,41.204655,69.232522,UZ,Tashkent
2022-07-28,53.165,41.98900508259379,13.18,201.44,24,4902926,Sputnik-4,pm25,µg/m³,41.204655,69.232522,UZ,Tashkent
2022-07-29,62.43208333333334,65.8109680286069,11.35,290.0,24,4902926,Sputnik-4,pm25,µg/m³,41.204655,69.232522,UZ,Tashkent
2022-07-30,45.275416666666665,29.229248005196357,12.28,113.84,24,4902926,Sputnik-4,pm25,µg/m³,41.204655,69.232522,UZ,Tashkent
2022-07-31,57.947916666666664,55.69772877885765,19.9,285.12,24,4902926,Sputnik-4,pm25,µg/m³,41.204655,69.232522,UZ,Tashkent
2022-08-01,45.51,27.707212999035335,4.92,125.11,24,4902926,Sputnik-4,pm25,µg/m³,41.204655,69.232522,UZ,Tashkent
2022-08-02,54.048750000000005,38.25193502493924,18.44,193.55,24,4902926,Sputnik-4,pm25,µg/m³,41.204655,69.232522,UZ,Tashkent
2022-08-03,41.46875,20.432596573059218,13.87,91.53,24,4902926,Sputnik-4,pm25,µg/m³,41.204655,69.232522,UZ,Tashkent
2022-08-04,45.03208333333333,25.437799327014304,15.73,114.7,24,4902926,Sputnik-4,pm25,µg/m³,41.204655,69.232522,UZ,Tashkent
2022-08-05,49.45583333333334,28.98463969770536,15.27,157.51,24,4902926,Sputnik-4,pm25,µg/m³,41.204655,69.232522,UZ,Tashkent
2022-08-06,42.696666666666665,26.142546974593746,5.16,130.14,24,4902926,Sputnik-4,pm25,µg/m³,41.204655,69.232522,UZ,Tashkent
2022-08-07,42.47208333333334,30.152076571240844,14.1,112.77,24,4902926,Sputnik-4,pm25,µg/m³,41.204655,69.232522,UZ,Tashkent
2022-08-08,45.7425,29.00372138791548,13.33,133.29,24,4902926,Sputnik-4,pm25,µg/m³,41.204655,69.232522,UZ,Tashkent
2022-08-09,52.8825,43.07064240241283,17.36,226.19,24,4902926,Sputnik-4,pm25,µg/m³,41.204655,69.232522,UZ,Tashkent
2022-08-10,38.44916666666666,23.24974032892236,15.76,127.66,24,4902926,Sputnik-4,pm25,µg/m³,41.204655,69.232522,UZ,Tashkent
2022-08-11,48.56625,36.55428171108063,16.42,169.22,24,4902926,Sputnik-4,pm25,µg/m³,41.204655,69.232522,UZ,Tashkent
2022-08-12,39.45291666666667,19.683736716466935,9.0,85.78,24,4902926,Sputnik-4,pm25,µg/m³,41.204655,69.232522,UZ,Tashkent
2022-08-13,34.66291666666667,15.283446993160725,14.76,70.56,24,4902926,Sputnik-4,pm25,µg/m³,41.204655,69.232522,UZ,Tashkent
2022-08-14,46.21416666666667,33.198923360838684,15.28,132.15,24,4902926,Sputnik-4,pm25,µg/m³,41.204655,69.232522,UZ,Tashkent
2022-08-15,41.59625,26.869694228531564,10.93,116.02,24,4902926,Sputnik-4,pm25,µg/m³,41.204655,69.232522,UZ,Tashkent
2022-08-16,50.515416666666674,34.151369821551896,7.12,142.01,24,4902926,Sputnik-4,pm25,µg/m³,41.204655,69.232522,UZ,Tashkent
2022-08-17,43.315,27.036671071134023,10.65,130.16,24,4902926,Sputnik-4,pm25,µg/m³,41.204655,69.232522,UZ,Tashkent
2022-08-18,49.8775,35.63860220871891,17.62,158.69,24,4902926,Sputnik-4,pm25,µg/m³,41.204655,69.232522,UZ,Tashkent
2022-08-19,38.995,20.14095546285036,5.64,92.1,24,4902926,Sputnik-4,pm25,µg/m³,41.204655,69.232522,UZ,Tashkent
2022-08-20,35.73666666666667,16.621462203942873,14.44,82.68,24,4902926,Sputnik-4,pm25,µg/m³,41.204655,69.232522,UZ,Tashkent
2022-08-21,38.93083333333333,26.332748979940924,9.83,110.69,24,4902926,Sputnik-4,pm25,µg/m³,41.204655,69.232522,UZ,Tashkent
2022-08-22,52.364583333333336,44.9022228537758,12.03,188.46,24,4902926,Sputnik-4,pm25,µg/m³,41.204655,69.232522,UZ,Tashkent
2022-08-23,41.467083333333335,24.716371528967823,11.37,98.4,24,4902926,Sputnik-4,pm25,µg/m³,41.204655,69.232522,UZ,Tashkent
2022-08-24,38.189166666666665,20.891763910100135,9.23,98.4,24,4902926,Sputnik-4,pm25,µg/m³,41.204655,69.232522,UZ,Tashkent
2022-08-25,45.492916666666666,26.316626333137215,12.46,114.68,24,4902926,Sputnik-4,pm25,µg/m³,41.204655,69.232522,UZ,Tashkent
2022-08-26,49.20708333333334,34.95407838108473,8.4,128.85,24,4902926,Sputnik-4,pm25,µg/m³,41.204655,69.232522,UZ,Tashkent
2022-08-27,35.03333333333334,19.650034996465497,11.35,83.65,24,4902926,Sputnik-4,pm25,µg/m³,41.204655,69.232522,UZ,Tashkent
2022-08-28,33.89666666666667,18.80326605919178,9.57,73.72,24,4902926,Sputnik-4,pm25,µg/m³,41.204655,69.232522,UZ,Tashkent
2022-08-29,51.51916666666667,29.978577266567143,18.84,144.56,24,4902926,Sputnik-4,pm25,µg/m³,41.204655,69.232522,UZ,Tashkent
2022-08-30,51.810833333333335,40.26124017147171,17.16,186.71,24,4902926,Sputnik-4,pm25,µg/m³,41.204655,69.232522,UZ,Tashkent
2022-08-31,48.82458333333333,31.69364563649761,11.04,127.22,24,4902926,Sputnik-4,pm25,µg/m³,41.204655,69.232522,UZ,Tashkent
2022-09-01,38.540416666666665,23.76742024360725,7.04,120.48,24,4902926,Sputnik-4,pm25,µg/m³,41.204655,69.232522,UZ,Tashkent
2022-09-02,43.354166666666664,24.272264170674614,13.97,121.82,24,4902926,Sputnik-4,pm25,µg/m³,41.204655,69.232522,UZ,Tashkent
2022-09-03,31.342083333333335,21.987996523630535,8.51,113.31,24,4902926,Sputnik-4,pm25,µg/m³,41.204655,69.232522,UZ,Tashkent
2022-09-04,32.8275,16.760696325163458,15.86,87.57,24,4902926,Sputnik-4,pm25,µg/m³,41.204655,69.232522,UZ,Tashkent
2022-09-05,48.70666666666667,44.00256224423722,9.93,195.54,24,4902926,Sputnik-4,pm25,µg/m³,41.204655,69.232522,UZ,Tashkent
2022-09-06,53.815,46.09423919489854,8.45,218.04,24,4902926,Sputnik-4,pm25,µg/m³,41.204655,69.232522,UZ,Tashkent
2022-09-07,50.16458333333333,37.11811792211062,5.63,162.01,24,4902926,Sputnik-4,pm25,µg/m³,41.204655,69.232522,UZ,Tashkent
2022-09-08,39.19416666666667,22.347917890890216,4.83,84.58,24,4902926,Sputnik-4,pm25,µg/m³,41.204655,69.232522,UZ,Tashkent
2022-09-09,39.11083333333333,27.431695871852277,11.06,114.87,24,4902926,Sputnik-4,pm25,µg/m³,41.204655,69.232522,UZ,Tashkent
2022-09-10,37.90875,20.73762476703301,9.37,83.87,24,4902926,Sputnik-4,pm25,µg/m³,41.204655,69.232522,UZ,Tashkent
2022-09-11,38.057916666666664,19.855840227076474,18.59,101.37,24,4902926,Sputnik-4,pm25,µg/m³,41.204655,69.232522,UZ,Tashkent
2022-09-12,51.97333333333333,58.636700976856424,13.01,290.0,24,4902926,Sputnik-4,pm25,µg/m³,41.204655,69.232522,UZ,Tashkent
2022-09-13,43.22291666666666,21.878810968241805,15.91,89.11,24,4902926,Sputnik-4,pm25,µg/m³,41.204655,69.232522,UZ,Tashkent
2022-09-14,46.66625,34.91048824742949,13.67,180.95,24,4902926,Sputnik-4,pm25,µg/m³,41.204655,69.232522,UZ,Tashkent
2022-09-15,44.98666666666667,21.58284013761389,20.74,91.93,24,4902926,Sputnik-4,pm25,µg/m³,41.204655,69.232522,UZ,Tashkent
2022-09-16,46.35708333333333,27.59135993924731,18.97,102.83,24,4902926,Sputnik-4,pm25,µg/m³,41.204655,69.232522,UZ,Tashkent
2022-09-17,36.90333333333333,18.684914553833476,13.9,88.12,24,4902926,Sputnik-4,pm25,µg/m³,41.204655,69.232522,UZ,Tashkent
2022-09-18,40.831250000000004,20.929221991086383,12.0,86.43,24,4902926,Sputnik-4,pm25,µg/m³,41.204655,69.232522,UZ,Tashkent
2022-09-19,56.486250000000005,49.58293112795098,15.77,238.88,24,4902926,Sputnik-4,pm25,µg/m³,41.204655,69.232522,UZ,Tashkent
2022-09-20,33.657916666666665,21.27650735050825,6.36,93.85,24,4902926,Sputnik-4,pm25,µg/m³,41.204655,69.232522,UZ,Tashkent
2022-09-21,54.475833333333334,29.6866744980576,9.94,132.0,24,4902926,Sputnik-4,pm25,µg/m³,41.204655,69.232522,UZ,Tashkent
2022-09-22,43.990833333333335,27.590401436899672,14.0,132.71,24,4902926,Sputnik-4,pm25,µg/m³,41.204655,69.232522,UZ,Tashkent
2022-09-23,51.41291666666667,30.22357235513031,19.21,131.2,24,4902926,Sputnik-4,pm25,µg/m³,41.204655,69.232522,UZ,Tashkent
2022-09-24,33.257083333333334,21.295697560809064,13.26,111.49,24,4902926,Sputnik-4,pm25,µg/m³,41.204655,69.232522,UZ,Tashkent
2022-09-25,50.680416666666666,29.513732909505418,15.44,128.59,24,4902926,Sputnik-4,pm25,µg/m³,41.204655,69.232522,UZ,Tashkent
2022-09-26,43.99333333333333,19.153556978471034,19.03,80.9,24,4902926,Sputnik-4,pm25,µg/m³,41.204655,69.232522,UZ,Tashkent
2022-09-27,38.645833333333336,16.37362829745406,15.19,85.11,24,4902926,Sputnik-4,pm25,µg/m³,41.204655,69.232522,UZ,Tashkent
2022-09-28,50.63,36.812343983577264,12.15,160.37,24,4902926,Sputnik-4,pm25,µg/m³,41.204655,69.232522,UZ,Tashkent
2022-09-29,65.215,63.26010096350657,13.3,290.0,24,4902926,Sputnik-4,pm25,µg/m³,41.204655,69.232522,UZ,Tashkent
2022-09-30,43.97541666666667,36.27078066782715,8.55,160.87,24,4902926,Sputnik-4,pm25,µg/m³,41.204655,69.232522,UZ,Tashkent
2022-10-01,53.785,43.7688053496909,12.32,230.36,24,4902926,Sputnik-4,pm25,µg/m³,41.204655,69.232522,UZ,Tashkent
2022-10-02,50.344166666666666,40.28515315215709,13.1,213.57,24,4902926,Sputnik-4,pm25,µg/m³,41.204655,69.232522,UZ,Tashkent
2022-10-03,51.11416666666667,25.870879199975214,10.96,110.83,24,4902926,Sputnik-4,pm25,µg/m³,41.204655,69.232522,UZ,Tashkent
2022-10-04,67.47041666666667,55.77739938745384,15.97,290.0,24,4902926,Sputnik-4,pm25,µg/m³,41.204655,69.232522,UZ,Tashkent
2022-10-05,68.79875,55.22159661900563,20.22,224.96,24,4902926,Sputnik-4,pm25,µg/m³,41.204655,69.232522,UZ,Tashkent
2022-10-06,58.566250000000004,43.042358591882184,14.73,212.9,24,4902926,Sputnik-4,pm25,µg/m³,41.204655,69.232522,UZ,Tashkent
2022-10-07,67.54458333333334,61.40611915260611,15.22,290.0,24,4902926,Sputnik-4,pm25,µg/m³,41.204655,69.232522,UZ,Tashkent
2022-10-08,54.73791666666667,52.43147983873534,16.8,278.35,24,4902926,Sputnik-4,pm25,µg/m³,41.204655,69.232522,UZ,Tashkent
2022-10-09,44.30166666666667,25.84252169460697,9.29,98.63,24,4902926,Sputnik-4,pm25,µg/m³,41.204655,69.232522,UZ,Tashkent
2022-10-10,56.637499999999996,38.19488996665939,16.88,155.13,24,4902926,Sputnik-4,pm25,µg/m³,41.204655,69.232522,UZ,Tashkent
2022-10-11,64.78583333333333,60.65363080401819,12.66,241.05,24,4902926,Sputnik-4,pm25,µg/m³,41.204655,69.232522,UZ,Tashkent
2022-10-12,55.60958333333334,38.37189069450468,22.53,178.65,24,4902926,Sputnik-4,pm25,µg/m³,41.204655,69.232522,UZ,Tashkent
2022-10-13,61.10916666666666,58.809822302701804,10.7,290.0,24,4902926,Sputnik-4,pm25,µg/m³,41.204655,69.232522,UZ,Tashkent
2022-10-14,55.276250000000005,39.11684534409585,15.33,174.37,24,4902926,Sputnik-4,pm25,µg/m³,41.204655,69.232522,UZ,Tashkent
2022-10-15,44.08416666666667,19.023799720274113,10.74,74.95,24,4902926,Sputnik-4,pm25,µg/m³,41.204655,69.232522,UZ,Tashkent
2022-10-16,62.814166666666665,35.30179117473967,18.57,162.64,24,4902926,Sputnik-4,pm25,µg/m³,41.204655,69.232522,UZ,Tashkent
2022-10-17,66.22333333333333,33.29135384119592,21.36,130.73,24,4902926,Sputnik-4,pm25,µg/m³,41.204655,69.232522,UZ,Tashkent
2022-10-18,51.7075,31.83872501953502,18.6,164.62,24,4902926,Sputnik-4,pm25,µg/m³,41.204655,69.232522,UZ,Tashkent
2022-10-19,45.290416666666665,20.501510968529946,16.14,91.35,24,4902926,Sputnik-4,pm25,µg/m³,41.204655,69.232522,UZ,Tashkent
2022-10-20,63.20041666666666,59.94561712804631,9.62,290.0,24,4902926,Sputnik-4,pm25,µg/m³,41.204655,69.232522,UZ,Tashkent
2022-10-21,52.487500000000004,36.15388273694157,15.14,148.0,24,4902926,Sputnik-4,pm25,µg/m³,41.204655,69.232522,UZ,Tashkent
2022-10-22,48.2525,30.181078329483768,10.87,137.82,24,4902926,Sputnik-4,pm25,µg/m³,41.204655,69.232522,UZ,Tashkent
2022-10-23,59.242916666666666,48.64075599018894,16.89,239.93,24,4902926,Sputnik-4,pm25,µg/m³,41.204655,69.232522,UZ,Tashkent
2022-10-24,49.609166666666674,15.509816783787835,24.81,76.4,24,4902926,Sputnik-4,pm25,µg/m³,41.204655,69.232522,UZ,Tashkent
2022-10-25,71.75875,49.596337988281206,15.31,176.26,24,4902926,Sputnik-4,pm25,µg/m³,41.204655,69.232522,UZ,Tashkent
2022-10-26,54.74458333333334,56.85107042540618,16.84,290.0,24,4902926,Sputnik-4,pm25,µg/m³,41.204655,69.232522,UZ,Tashkent
2022-10-27,54.88375,32.20880905867618,17.44,166.33,24,4902926,Sputnik-4,pm25,µg/m³,41.204655,69.232522,UZ,Tashkent
2022-10-28,48.09916666666666,23.859370215943446,20.68,107.22,24,4902926,Sputnik-4,pm25,µg/m³,41.204655,69.232522,UZ,Tashkent
2022-10-29,53.92458333333334,55.28149591973058,16.26,290.0,24,4902926,Sputnik-4,pm25,µg/m³,41.204655,69.232522,UZ,Tashkent
2022-10-30,57.187916666666666,35.03619792494945,12.86,148.12,24,4902926,Sputnik-4,pm25,µg/m³,41.204655,69.232522,UZ,Tashkent
2022-10-31,62.12916666666666,60.881329251661995,15.2,290.0,24,4902926,Sputnik-4,pm25,µg/m³,41.204655,69.232522,UZ,Tashkent
2022-11-01,95.09291666666667,66.45894531861244,21.28,290.0,24,4902926,Sputnik-4,pm25,µg/m³,41.204655,69.232522,UZ,Tashkent
2022-11-02,100.04708333333333,70.01829993584388,32.5,290.0,24,4902926,Sputnik-4,pm25,µg/m³,41.204655,69.232522,UZ,Tashkent
2022-11-03,92.81458333333335,53.45000540766774,33.58,255.26,24,4902926,Sputnik-4,pm25,µg/m³,41.204655,69.232522,UZ,Tashkent
2022-11-04,78.67083333333333,60.646006565303544,25.4,290.0,24,4902926,Sputnik-4,pm25,µg/m³,41.204655,69.232522,UZ,Tashkent
2022-11-05,97.14083333333333,64.36540144847376,29.72,290.0,24,4902926,Sputnik-4,pm25,µg/m³,41.204655,69.232522,UZ,Tashkent
2022-11-06,90.58333333333333,59.84811861244492,21.0,239.76,24,4902926,Sputnik-4,pm25,µg/m³,41.204655,69.232522,UZ,Tashkent
2022-11-07,97.88791666666667,50.350861913884,32.21,201.82,24,4902926,Sputnik-4,pm25,µg/m³,41.204655,69.232522,UZ,Tashkent
2022-11-08,81.02333333333333,45.11536773425549,21.72,176.82,24,4902926,Sputnik-4,pm25,µg/m³,41.204655,69.232522,UZ,Tashkent
2022-11-09,102.79041666666667,73.71414149497083,23.97,290.0,24,4902926,Sputnik-4,pm25,µg/m³,41.204655,69.232522,UZ,Tashkent
2022-11-10,100.00875,74.50605223811483,14.27,290.0,24,4902926,Sputnik-4,pm25,µg/m³,41.204655,69.232522,UZ,Tashkent
2022-11-11,108.3,83.49905237681496,31.12,290.0,24,4902926,Sputnik-4,pm25,µg/m³,41.204655,69.232522,UZ,Tashkent
2022-11-12,98.27166666666666,58.814540103075124,39.45,256.24,24,4902926,Sputnik-4,pm25,µg/m³,41.204655,69.232522,UZ,Tashkent
2022-11-13,80.67875,56.36970635032384,31.08,275.23,24,4902926,Sputnik-4,pm25,µg/m³,41.204655,69.232522,UZ,Tashkent
2022-11-14,84.2475,42.51257105640739,27.68,172.97,24,4902926,Sputnik-4,pm25,µg/m³,41.204655,69.232522,UZ,Tashkent
2022-11-15,112.46583333333335,72.61572304988756,15.23,290.0,24,4902926,Sputnik-4,pm25,µg/m³,41.204655,69.232522,UZ,Tashkent
2022-11-16,77.40416666666667,33.04201158691984,34.29,150.92,24,4902926,Sputnik-4,pm25,µg/m³,41.204655,69.232522,UZ,Tashkent
2022-11-17,89.98125,54.326552664940216,42.81,275.86,24,4902926,Sputnik-4,pm25,µg/m³,41.204655,69.232522,UZ,Tashkent
2022-11-18,87.18583333333333,46.60703668804293,35.24,188.49,24,4902926,Sputnik-4,pm25,µg/m³,41.204655,69.232522,UZ,Tashkent
2022-11-19,93.76583333333333,65.38663544584271,20.73,290.0,24,4902926,Sputnik-4,pm25,µg/m³,41.204655,69.232522,UZ,Tashkent
2022-11-20,80.19250000000001,39.312311187076816,18.39,164.02,24,4902926,Sputnik-4,pm25,µg/m³,41.204655,69.232522,UZ,Tashkent
2022-11-21,101.37333333333333,68.08542771156445,24.3,289.42,24,4902926,Sputnik-4,pm25,µg/m³,41.204655,69.232522,UZ,Tashkent
2022-11-22,92.69958333333334,65.4435978520347,18.17,287.71,24,4902926,Sputnik-4,pm25,µg/m³,41.204655,69.232522,UZ,Tashkent
2022-11-23,91.71749999999999,62.061072602789395,20.82,243.05,24,4902926,Sputnik-4,pm25,µg/m³,41.204655,69.232522,UZ,Tashkent
2022-11-24,90.805,64.59754316232697,30.0,290.0,24,4902926,Sputnik-4,pm25,µg/m³,41.204655,69.232522,UZ,Tashkent
2022-11-25,89.105,55.74126743851608,22.61,290.0,24,4902926,Sputnik-4,pm25,µg/m³,41.204655,69.232522,UZ,Tashkent
2022-11-26,83.28041666666667,61.02441816897822,27.31,290.0,24,4902926,Sputnik-4,pm25,µg/m³,41.204655,69.232522,UZ,Tashkent
2022-11-27,83.99541666666667,49.04752672744784,14.33,196.86,24,4902926,Sputnik-4,pm25,µg/m³,41.204655,69.232522,UZ,Tashkent
2022-11-28,92.48541666666667,57.272902385377044,24.42,208.71,24,4902926,Sputnik-4,pm25,µg/m³,41.204655,69.232522,UZ,Tashkent
2022-11-29,85.95208333333333,58.736622897337725,22.6,290.0,24,4902926,Sputnik-4,pm25,µg/m³,41.204655,69.232522,UZ,Tashkent
2022-11-30,69.83,38.68413122580954,13.92,158.41,24,4902926,Sputnik-4,pm25,µg/m³,41.204655,69.232522,UZ,Tashkent
2022-12-01,86.4225,65.14406044198937,21.52,290.0,24,4902926,Sputnik-4,pm25,µg/m³,41.204655,69.232522,UZ,Tashkent
2022-12-02,85.51541666666667,72.94622384833833,17.33,290.0,24,4902926,Sputnik-4,pm25,µg/m³,41.204655,69.232522,UZ,Tashkent
2022-12-03,74.44333333333334,38.499124853595745,16.18,148.09,24,4902926,Sputnik-4,pm25,µg/m³,41.204655,69.232522,UZ,Tashkent
2022-12-04,59.35583333333333,55.61042386777522,20.34,290.0,24,4902926,Sputnik-4,pm25,µg/m³,41.204655,69.232522,UZ,Tashkent
2022-12-05,67.71916666666667,37.89885714884297,10.32,165.87,24,4902926,Sputnik-4,pm25,µg/m³,41.204655,69.232522,UZ,Tashkent
2022-12-06,77.87291666666667,54.966374897604965,31.04,290.0,24,4902926,Sputnik-4,pm25,µg/m³,41.204655,69.232522,UZ,Tashkent
2022-12-07,68.22041666666667,28.902649115709043,24.2,128.16,24,4902926,Sputnik-4,pm25,µg/m³,41.204655,69.232522,UZ,Tashkent
2022-12-08,73.71416666666667,49.7931868848031,17.9,184.6,24,4902926,Sputnik-4,pm25,µg/m³,41.204655,69.232522,UZ,Tashkent
2022-12-09,59.62041666666667,33.17686235120818,9.35,126.31,24,4902926,Sputnik-4,pm25,µg/m³,41.204655,69.232522,UZ,Tashkent
2022-12-10,57.415416666666665,29.31019038983551,15.45,133.73,24,4902926,Sputnik-4,pm25,µg/m³,41.204655,69.232522,UZ,Tashkent
2022-12-11,63.48416666666666,54.292814955545474,15.52,265.45,24,4902926,Sputnik-4,pm25,µg/m³,41.204655,69.232522,UZ,Tashkent
2022-12-12,81.18583333333333,45.29450968904527,20.18,170.62,24,4902926,Sputnik-4,pm25,µg/m³,41.204655,69.232522,UZ,Tashkent
2022-12-13,87.65958333333333,67.17534689343721,18.5,290.0,24,4902926,Sputnik-4,pm25,µg/m³,41.204655,69.232522,UZ,Tashkent
2022-12-14,71.40291666666667,42.60246813417256,17.65,173.23,24,4902926,Sputnik-4,pm25,µg/m³,41.204655,69.232522,UZ,Tashkent
2022-12-15,80.06666666666666,54.89853840350013,20.16,290.0,24,4902926,Sputnik-4,pm25,µg/m³,41.204655,69.232522,UZ,Tashkent
2022-12-16,81.18583333333333,61.534157422606704,15.67,290.0,24,4902926,Sputnik-4,pm25,µg/m³,41.204655,69.232522,UZ,Tashkent
2022-12-17,56.562916666666666,32.05711960251802,14.84,160.31,24,4902926,Sputnik-4,pm25,µg/m³,41.204655,69.232522,UZ,Tashkent
2022-12-18,85.05541666666666,49.64697197116656,11.48,218.37,24,4902926,Sputnik-4,pm25,µg/m³,41.204655,69.232522,UZ,Tashkent
2022-12-19,77.53833333333334,37.88042073898228,34.7,224.33,24,4902926,Sputnik-4,pm25,µg/m³,41.204655,69.232522,UZ,Tashkent
2022-12-20,72.11041666666667,35.37427848140101,26.75,140.97,24,4902926,Sputnik-4,pm25,µg/m³,41.204655,69.232522,UZ,Tashkent
2022-12-21,68.01791666666666,60.787379480996435,20.64,290.0,24,4902926,Sputnik-4,pm25,µg/m³,41.204655,69.232522,UZ,Tashkent
2022-12-22,72.865,42.24550873993177,19.71,161.23,24,4902926,Sputnik-4,pm25,µg/m³,41.204655,69.232522,UZ,Tashkent
2022-12-23,74.3875,60.587709634014494,15.22,279.38,24,4902926,Sputnik-4,pm25,µg/m³,41.204655,69.232522,UZ,Tashkent
2022-12-24,41.477916666666665,18.14708743648788,16.1,83.51,24,4902926,Sputnik-4,pm25,µg/m³,41.204655,69.232522,UZ,Tashkent
2022-12-25,72.27,45.135545907276075,27.12,206.91,24,4902926,Sputnik-4,pm25,µg/m³,41.204655,69.232522,UZ,Tashkent
2022-12-26,59.905,39.05679888483482,23.02,162.0,24,4902926,Sputnik-4,pm25,µg/m³,41.204655,69.232522,UZ,Tashkent
2022-12-27,87.94708333333334,69.09486984537473,21.8,236.3,24,4902926,Sputnik-4,pm25,µg/m³,41.204655,69.232522,UZ,Tashkent
2022-12-28,76.97541666666666,53.660636368487225,15.17,227.14,24,4902926,Sputnik-4,pm25,µg/m³,41.204655,69.232522,UZ,Tashkent
2022-12-29,84.68916666666667,59.075932781954194,27.45,287.93,24,4902926,Sputnik-4,pm25,µg/m³,41.204655,69.232522,UZ,Tashkent
2022-12-30,62.66958333333333,36.824385172017486,12.46,149.62,24,4902926,Sputnik-4,pm25,µg/m³,41.204655,69.232522,UZ,Tashkent
2022-12-31,59.055416666666666,37.679200579903224,18.84,168.42,24,4902926,Sputnik-4,pm25,µg/m³,41.204655,69.232522,UZ,Tashkent
2023-01-01,105.36458333333333,63.69610785864847,19.24,290.0,24,4902926,Sputnik-4,pm25,µg/m³,41.204655,69.232522,UZ,Tashkent
2023-01-02,108.89416666666666,73.77631356169556,15.67,290.0,24,4902926,Sputnik-4,pm25,µg/m³,41.204655,69.232522,UZ,Tashkent
2023-01-03,80.05624999999999,46.39914221588116,21.05,193.77,24,4902926,Sputnik-4,pm25,µg/m³,41.204655,69.232522,UZ,Tashkent
2023-01-04,88.00833333333333,50.722836522887164,27.97,255.98,24,4902926,Sputnik-4,pm25,µg/m³,41.204655,69.232522,UZ,Tashkent
2023-01-05,83.53916666666667,59.610560701116114,30.49,290.0,24,4902926,Sputnik-4,pm25,µg/m³,41.204655,69.232522,UZ,Tashkent
2023-01-06,74.07083333333334,46.78775675199719,25.45,221.18,24,4902926,Sputnik-4,pm25,µg/m³,41.204655,69.232522,UZ,Tashkent
2023-01-07,71.1425,40.436460866293736,17.51,163.93,24,4902926,Sputnik-4,pm25,µg/m³,41.204655,69.232522,UZ,Tashkent
2023-01-08,84.125,57.19525261539746,10.19,256.28,24,4902926,Sputnik-4,pm25,µg/m³,41.204655,69.232522,UZ,Tashkent
2023-01-09,81.96249999999999,59.09329405418108,19.06,269.21,24,4902926,Sputnik-4,pm25,µg/m³,41.204655,69.232522,UZ,Tashkent
2023-01-10,84.15249999999999,45.51367613385444,22.64,160.85,24,4902926,Sputnik-4,pm25,µg/m³,41.204655,69.232522,UZ,Tashkent
2023-01-11,79.74583333333334,31.387915552862427,38.94,138.34,24,4902926,Sputnik-4,pm25,µg/m³,41.204655,69.232522,UZ,Tashkent
2023-01-12,84.84041666666667,57.48829646331176,26.04,285.24,24,4902926,Sputnik-4,pm25,µg/m³,41.204655,69.232522,UZ,Tashkent
2023-01-13,56.51791666666667,23.728771927981125,14.74,127.76,24,4902926,Sputnik-4,pm25,µg/m³,41.204655,69.232522,UZ,Tashkent
2023-01-14,79.40041666666666,56.08700527473726,22.23,277.92,24,4902926,Sputnik-4,pm25,µg/m³,41.204655,69.232522,UZ,Tashkent
2023-01-15,79.17166666666667,66.55711882786593,20.96,290.0,24,4902926,Sputnik-4,pm25,µg/m³,41.204655,69.232522,UZ,Tashkent
2023-01-16,84.59708333333333,42.85188205284587,29.36,194.97,24,4902926,Sputnik-4,pm25,µg/m³,41.204655,69.232522,UZ,Tashkent
2023-01-17,70.20833333333333,37.620740309691875,14.27,147.74,24,4902926,Sputnik-4,pm25,µg/m³,41.204655,69.232522,UZ,Tashkent
2023-01-18,75.00750000000001,30.67746407664611,30.1,143.82,24,4902926,Sputnik-4,pm25,µg/m³,41.204655,69.232522,UZ,Tashkent
2023-01-19,84.98416666666667,56.01307688284994,26.99,248.8,24,4902926,Sputnik-4,pm25,µg/m³,41.204655,69.232522,UZ,Tashkent
2023-01-20,95.22458333333333,64.06905160630899,14.41,277.43,24,4902926,Sputnik-4,pm25,µg/m³,41.204655,69.232522,UZ,Tashkent
2023-01-21,77.8875,53.73477962460019,30.87,214.74,24,4902926,Sputnik-4,pm25,µg/m³,41.204655,69.232522,UZ,Tashkent
2023-01-22,83.95625,68.36580099871318,16.71,290.0,24,4902926,Sputnik-4,pm25,µg/m³,41.204655,69.232522,UZ,Tashkent
2023-01-23,89.66125,61.52473220000725,30.49,237.99,24,4902926,Sputnik-4,pm25,µg/m³,41.204655,69.232522,UZ,Tashkent
2023-01-24,82.46124999999999,52.52551722010104,26.22,188.7,24,4902926,Sputnik-4,pm25,µg/m³,41.204655,69.232522,UZ,Tashkent
2023-01-25,78.16958333333334,52.93558090647346,15.07,249.36,24,4902926,Sputnik-4,pm25,µg/m³,41.204655,69.232522,UZ,Tashkent
2023-01-26,100.66125,76.90437627127544,18.39,290.0,24,4902926,Sputnik-4,pm25,µg/m³,41.204655,69.232522,UZ,Tashkent
2023-01-27,85.0025,58.3989609980535,22.89,275.62,24,4902926,Sputnik-4,pm25,µg/m³,41.204655,69.232522,UZ,Tashkent
2023-01-28,76.7975,38.36498542319207,29.0,156.44,24,4902926,Sputnik-4,pm25,µg/m³,41.204655,69.232522,UZ,Tashkent
2023-01-29,69.69041666666666,41.20165303555573,17.75,169.8,24,4902926,Sputnik-4,pm25,µg/m³,41.204655,69.232522,UZ,Tashkent
2023-01-30,100.32833333333333,64.93032778807348,33.59,290.0,24,4902926,Sputnik-4,pm25,µg/m³,41.204655,69.232522,UZ,Tashkent
2023-01-31,82.27541666666666,49.441832400541024,26.78,193.4,24,4902926,Sputnik-4,pm25,µg/m³,41.204655,69.232522,UZ,Tashkent
2023-02-01,74.85458333333334,27.953432390809116,35.74,134.11,24,4902926,Sputnik-4,pm25,µg/m³,41.204655,69.232522,UZ,Tashkent
2023-02-02,70.9525,36.051118567944606,35.93,194.85,24,4902926,Sputnik-4,pm25,µg/m³,41.204655,69.232522,UZ,Tashkent
2023-02-03,82.78583333333334,48.71531889382986,22.34,214.96,24,4902926,Sputnik-4,pm25,µg/m³,41.204655,69.232522,UZ,Tashkent
2023-02-04,56.21208333333333,29.458245760688147,14.32,130.57,24,4902926,Sputnik-4,pm25,µg/m³,41.204655,69.232522,UZ,Tashkent
2023-02-05,62.221666666666664,24.23898793745077,32.36,134.12,24,4902926,Sputnik-4,pm25,µg/m³,41.204655,69.232522,UZ,Tashkent
2023-02-06,73.52583333333332,62.86678191891629,15.71,290.0,24,4902926,Sputnik-4,pm25,µg/m³,41.204655,69.232522,UZ,Tashkent
2023-02-07,76.68375,40.00875597780196,23.99,161.53,24,4902926,Sputnik-4,pm25,µg/m³,41.204655,69.232522,UZ,Tashkent
2023-02-08,64.26791666666666,44.19140659913582,11.57,214.91,24,4902926,Sputnik-4,pm25,µg/m³,41.204655,69.232522,UZ,Tashkent
2023-02-09,87.38875,51.183971532578695,23.36,213.65,24,4902926,Sputnik-4,pm25,µg/m³,41.204655,69.232522,UZ,Tashkent
2023-02-10,103.97791666666666,67.40129001340415,36.16,290.0,24,4902926,Sputnik-4,pm25,µg/m³,41.204655,69.232522,UZ,Tashkent
2023-02-11,64.64583333333333,45.013076256327686,16.42,195.11,24,4902926,Sputnik-4,pm25,µg/m³,41.204655,69.232522,UZ,Tashkent
2023-02-12,70.32083333333334,48.35491269647851,20.56,200.21,24,4902926,Sputnik-4,pm25,µg/m³,41.204655,69.232522,UZ,Tashkent
2023-02-13,84.58875,52.52838291260301,28.49,224.36,24,4902926,Sputnik-4,pm25,µg/m³,41.204655,69.232522,UZ,Tashkent
2023-02-14,87.24166666666667,60.34989742195574,22.86,290.0,24,4902926,Sputnik-4,pm25,µg/m³,41.204655,69.232522,UZ,Tashkent
2023-02-15,92.91666666666667,77.03467534686636,24.94,290.0,24,4902926,Sputnik-4,pm25,µg/m³,41.204655,69.232522,UZ,Tashkent
2023-02-16,79.85541666666667,69.98532554131036,17.38,285.94,24,4902926,Sputnik-4,pm25,µg/m³,41.204655,69.232522,UZ,Tashkent
2023-02-17,69.20875,52.72790007382858,24.8,290.0,24,4902926,Sputnik-4,pm25,µg/m³,41.204655,69.232522,UZ,Tashkent
2023-02-18,88.52749999999999,59.20545188248035,26.53,290.0,24,4902926,Sputnik-4,pm25,µg/m³,41.204655,69.232522,UZ,Tashkent
2023-02-19,67.28,39.35603870575258,19.91,182.13,24,4902926,Sputnik-4,pm25,µg/m³,41.204655,69.232522,UZ,Tashkent
2023-02-20,84.61874999999999,61.159628579110766,22.33,290.0,24,4902926,Sputnik-4,pm25,µg/m³,41.204655,69.232522,UZ,Tashkent
2023-02-21,84.92375,51.06482110897192,21.03,220.47,24,4902926,Sputnik-4,pm25,µg/m³,41.204655,69.232522,UZ,Tashkent
2023-02-22,90.17625,47.11554638771627,15.56,182.19,24,4902926,Sputnik-4,pm25,µg/m³,41.204655,69.232522,UZ,Tashkent
2023-02-23,83.63625,56.53160576653982,21.02,246.58,24,4902926,Sputnik-4,pm25,µg/m³,41.204655,69.232522,UZ,Tashkent
2023-02-24,83.99291666666666,55.5767838203943,15.74,206.09,24,4902926,Sputnik-4,pm25,µg/m³,41.204655,69.232522,UZ,Tashkent
2023-02-25,62.44875,33.503218185785485,29.12,146.17,24,4902926,Sputnik-4,pm25,µg/m³,41.204655,69.232522,UZ,Tashkent
2023-02-26,78.75541666666668,38.60845052566541,24.66,170.1,24,4902926,Sputnik-4,pm25,µg/m³,41.204655,69.232522,UZ,Tashkent
2023-02-27,71.47708333333334,41.0650017579941,20.56,197.73,24,4902926,Sputnik-4,pm25,µg/m³,41.204655,69.232522,UZ,Tashkent
2023-02-28,73.98666666666666,45.37065367054738,27.45,205.59,24,4902926,Sputnik-4,pm25,µg/m³,41.204655,69.232522,UZ,Tashkent
2023-03-01,66.07958333333333,55.93323694790974,13.69,290.0,24,4902926,Sputnik-4,pm25,µg/m³,41.204655,69.232522,UZ,Tashkent
2023-03-02,56.434583333333336,34.029472261960464,16.44,142.58,24,4902926,Sputnik-4,pm25,µg/m³,41.204655,69.232522,UZ,Tashkent
2023-03-03,57.298333333333325,33.78900755991596,15.79,162.09,24,4902926,Sputnik-4,pm25,µg/m³,41.204655,69.232522,UZ,Tashkent
2023-03-04,47.345,37.25169514672249,9.08,120.83,24,4902926,Sputnik-4,pm25,µg/m³,41.204655,69.232522,UZ,Tashkent
2023-03-05,58.642500000000005,47.47587609375487,16.48,249.84,24,4902926,Sputnik-4,pm25,µg/m³,41.204655,69.232522,UZ,Tashkent
2023-03-06,42.715,22.72436826500306,12.46,119.45,24,4902926,Sputnik-4,pm25,µg/m³,41.204655,69.232522,UZ,Tashkent
2023-03-07,66.81791666666666,34.53211523245479,14.32,151.63,24,4902926,Sputnik-4,pm25,µg/m³,41.204655,69.232522,UZ,Tashkent
2023-03-08,54.00875,38.433416541666155,9.94,188.61,24,4902926,Sputnik-4,pm25,µg/m³,41.204655,69.232522,UZ,Tashkent
2023-03-09,58.58916666666667,27.435086376622795,10.38,107.93,24,4902926,Sputnik-4,pm25,µg/m³,41.204655,69.232522,UZ,Tashkent
2023-03-10,59.26125,45.45282095923391,9.75,182.48,24,4902926,Sputnik-4,pm25,µg/m³,41.204655,69.232522,UZ,Tashkent
2023-03-11,56.427083333333336,65.74635255078327,9.17,290.0,24,4902926,Sputnik-4,pm25,µg/m³,41.204655,69.232522,UZ,Tashkent
2023-03-12,57.48208333333333,41.515245180867424,12.35,191.47,24,4902926,Sputnik-4,pm25,µg/m³,41.204655,69.232522,UZ,Tashkent
2023-03-13,51.73041666666666,30.604323576219926,17.44,128.21,24,4902926,Sputnik-4,pm25,µg/m³,41.204655,69.232522,UZ,Tashkent
2023-03-14,49.57458333333333,25.847316903755956,15.2,100.43,24,4902926,Sputnik-4,pm25,µg/m³,41.204655,69.232522,UZ,Tashkent
2023-03-15,62.160000000000004,54.46711373169015,7.07,275.61,24,4902926,Sputnik-4,pm25,µg/m³,41.204655,69.232522,UZ,Tashkent
2023-03-16,60.482499999999995,58.328313227051616,14.83,266.38,24,4902926,Sputnik-4,pm25,µg/m³,41.204655,69.232522,UZ,Tashkent
2023-03-17,55.24208333333333,34.18700121380572,11.53,151.26,24,4902926,Sputnik-4,pm25,µg/m³,41.204655,69.232522,UZ,Tashkent
2023-03-18,42.153333333333336,23.871287039611758,12.16,121.95,24,4902926,Sputnik-4,pm25,µg/m³,41.204655,69.232522,UZ,Tashkent
2023-03-19,39.11416666666667,20.762745465746153,12.68,90.04,24,4902926,Sputnik-4,pm25,µg/m³,41.204655,69.232522,UZ,Tashkent
2023-03-20,53.6625,29.150521846324523,11.0,118.99,24,4902926,Sputnik-4,pm25,µg/m³,41.204655,69.232522,UZ,Tashkent
2023-03-21,55.71,34.69118670184992,14.81,145.02,24,4902926,Sputnik-4,pm25,µg/m³,41.204655,69.232522,UZ,Tashkent
2023-03-22,63.26333333333333,45.188845070886465,18.52,159.17,24,4902926,Sputnik-4,pm25,µg/m³,41.204655,69.232522,UZ,Tashkent
2023-03-23,59.27583333333333,37.465682722780556,21.75,160.32,24,4902926,Sputnik-4,pm25,µg/m³,41.204655,69.232522,UZ,Tashkent
2023-03-24,62.90958333333333,46.25328072774633,19.56,254.57,24,4902926,Sputnik-4,pm25,µg/m³,41.204655,69.232522,UZ,Tashkent
2023-03-25,53.951249999999995,30.7920295040496,14.59,125.73,24,4902926,Sputnik-4,pm25,µg/m³,41.204655,69.232522,UZ,Tashkent
2023-03-26,47.6475,28.324633348868367,10.2,143.18,24,4902926,Sputnik-4,pm25,µg/m³,41.204655,69.232522,UZ,Tashkent
2023-03-27,63.57458333333333,37.57553354987752,10.66,133.11,24,4902926,Sputnik-4,pm25,µg/m³,41.204655,69.232522,UZ,Tashkent
2023-03-28,56.85,34.202832071907885,14.08,140.87,24,4902926,Sputnik-4,pm25,µg/m³,41.204655,69.232522,UZ,Tashkent
2023-03-29,70.98333333333333,40.9459644629004,20.88,199.52,24,4902926,Sputnik-4,pm25,µg/m³,41.204655,69.232522,UZ,Tashkent
2023-03-30,44.98041666666666,27.15607218175301,14.0,146.11,24,4902926,Sputnik-4,pm25,µg/m³,41.204655,69.232522,UZ,Tashkent
2023-03-31,73.54791666666667,57.57364553932994,18.54,231.02,24,4902926,Sputnik-4,pm25,µg/m³,41.204655,69.232522,UZ,Tashkent
2023-04-01,43.024166666666666,32.974362230265406,7.75,158.78,24,4902926,Sputnik-4,pm25,µg/m³,41.204655,69.232522,UZ,Tashkent
2023-04-02,26.185833333333335,12.172446760817133,7.95,55.68,24,4902926,Sputnik-4,pm25,µg/m³,41.204655,69.232522,UZ,Tashkent
2023-04-03,31.002916666666668,16.938967290313744,4.83,87.18,24,4902926,Sputnik-4,pm25,µg/m³,41.204655,69.232522,UZ,Tashkent
2023-04-04,40.024166666666666,18.924353280930088,15.35,89.79,24,4902926,Sputnik-4,pm25,µg/m³,41.204655,69.232522,UZ,Tashkent
2023-04-05,34.66833333333333,26.597772163434495,8.33,108.02,24,4902926,Sputnik-4,pm25,µg/m³,41.204655,69.232522,UZ,Tashkent
2023-04-06,41.385416666666664,32.69320298713436,9.24,129.66,24,4902926,Sputnik-4,pm25,µg/m³,41.204655,69.232522,UZ,Tashkent
2023-04-07,26.1775,14.779876521811675,6.23,59.76,24,4902926,Sputnik-4,pm25,µg/m³,41.204655,69.232522,UZ,Tashkent
2023-04-08,28.012916666666666,14.71034817049214,9.54,60.68,24,4902926,Sputnik-4,pm25,µg/m³,41.204655,69.232522,UZ,Tashkent
2023-04-09,31.26125,22.441993888108808,9.3,96.21,24,4902926,Sputnik-4,pm25,µg/m³,41.204655,69.232522,UZ,Tashkent
2023-04-10,34.54375,37.27560932491216,9.16,192.12,24,4902926,Sputnik-4,pm25,µg/m³,41.204655,69.232522,UZ,Tashkent
2023-04-11,37.28208333333333,18.61448009975186,11.58,89.49,24,4902926,Sputnik-4,pm25,µg/m³,41.204655,69.232522,UZ,Tashkent
2023-04-12,39.4275,24.249323836382306,14.54,101.98,24,4902926,Sputnik-4,pm25,µg/m³,41.204655,69.232522,UZ,Tashkent
2023-04-13,30.389583333333334,13.458277064987588,10.0,68.32,24,4902926,Sputnik-4,pm25,µg/m³,41.204655,69.232522,UZ,Tashkent
2023-04-14,44.314166666666665,45.30725548160428,11.58,239.64,24,4902926,Sputnik-4,pm25,µg/m³,41.204655,69.232522,UZ,Tashkent
2023-04-15,33.985,16.757199620773,6.67,67.71,24,4902926,Sputnik-4,pm25,µg/m³,41.204655,69.232522,UZ,Tashkent
2023-04-16,30.82875,19.173036164386424,11.3,79.04,24,4902926,Sputnik-4,pm25,µg/m³,41.204655,69.232522,UZ,Tashkent
2023-04-17,29.94875,17.634743452356624,8.8,84.09,24,4902926,Sputnik-4,pm25,µg/m³,41.204655,69.232522,UZ,Tashkent
2023-04-18,47.81041666666667,52.02258443333231,7.57,261.18,24,4902926,Sputnik-4,pm25,µg/m³,41.204655,69.232522,UZ,Tashkent
2023-04-19,51.08416666666667,39.40580181479203,8.8,157.93,24,4902926,Sputnik-4,pm25,µg/m³,41.204655,69.232522,UZ,Tashkent
2023-04-20,39.67166666666667,22.872498326814778,12.22,83.01,24,4902926,Sputnik-4,pm25,µg/m³,41.204655,69.232522,UZ,Tashkent
2023-04-21,34.48833333333334,16.72466719410653,9.74,68.68,24,4902926,Sputnik-4,pm25,µg/m³,41.204655,69.232522,UZ,Tashkent
2023-04-22,38.632083333333334,23.05070648340432,8.51,87.36,24,4902926,Sputnik-4,pm25,µg/m³,41.204655,69.232522,UZ,Tashkent
2023-04-23,28.625,17.68564094547251,8.43,85.88,24,4902926,Sputnik-4,pm25,µg/m³,41.204655,69.232522,UZ,Tashkent
2023-04-24,35.13333333333333,15.913457435021215,7.88,79.33,24,4902926,Sputnik-4,pm25,µg/m³,41.204655,69.232522,UZ,Tashkent
2023-04-25,49.7725,46.57936613995515,11.36,212.66,24,4902926,Sputnik-4,pm25,µg/m³,41.204655,69.232522,UZ,Tashkent
2023-04-26,44.24791666666667,32.0920220316469,11.63,130.86,24,4902926,Sputnik-4,pm25,µg/m³,41.204655,69.232522,UZ,Tashkent
2023-04-27,38.763749999999995,27.53614049121942,5.61,113.16,24,4902926,Sputnik-4,pm25,µg/m³,41.204655,69.232522,UZ,Tashkent
2023-04-28,41.14666666666667,31.703721584678995,8.09,128.38,24,4902926,Sputnik-4,pm25,µg/m³,41.204655,69.232522,UZ,Tashkent
2023-04-29,32.92666666666667,29.95166478158444,6.18,151.32,24,4902926,Sputnik-4,pm25,µg/m³,41.204655,69.232522,UZ,Tashkent
2023-04-30,32.41791666666666,28.424356056208996,3.42,152.65,24,4902926,Sputnik-4,pm25,µg/m³,41.204655,69.232522,UZ,Tashkent
2023-05-01,50.28,56.86084256666713,12.46,249.01,24,4902926,Sputnik-4,pm25,µg/m³,41.204655,69.232522,UZ,Tashkent
2023-05-02,32.23458333333333,12.695595257776429,12.88,66.95,24,4902926,Sputnik-4,pm25,µg/m³,41.204655,69.232522,UZ,Tashkent
2023-05-03,34.2475,23.899033498740344,8.01,108.23,24,4902926,Sputnik-4,pm25,µg/m³,41.204655,69.232522,UZ,Tashkent
2023-05-04,42.98333333333334,40.12223786149637,7.19,145.55,24,4902926,Sputnik-4,pm25,µg/m³,41.204655,69.232522,UZ,Tashkent
2023-05-05,30.366249999999997,15.828849778998055,13.34,77.88,24,4902926,Sputnik-4,pm25,µg/m³,41.204655,69.232522,UZ,Tashkent
2023-05-06,27.965416666666666,17.923639716542112,10.94,87.32,24,4902926,Sputnik-4,pm25,µg/m³,41.204655,69.232522,UZ,Tashkent
2023-05-07,30.690833333333334,21.913259816766224,8.1,91.44,24,4902926,Sputnik-4,pm25,µg/m³,41.204655,69.232522,UZ,Tashkent
2023-05-08,25.940833333333334,14.50343105333495,9.22,53.49,24,4902926,Sputnik-4,pm25,µg/m³,41.204655,69.232522,UZ,Tashkent
2023-05-09,31.255,22.353814381248323,7.31,92.75,24,4902926,Sputnik-4,pm25,µg/m³,41.204655,69.232522,UZ,Tashkent
2023-05-10,40.204166666666666,33.166953946028435,6.18,120.54,24,4902926,Sputnik-4,pm25,µg/m³,41.204655,69.232522,UZ,Tashkent
2023-05-11,41.01625,56.01800252655584,8.69,290.0,24,4902926,Sputnik-4,pm25,µg/m³,41.204655,69.232522,UZ,Tashkent
2023-05-12,38.44083333333334,34.75068030821926,5.26,164.55,24,4902926,Sputnik-4,pm25,µg/m³,41.204655,69.232522,UZ,Tashkent
2023-05-13,29.92833333333333,18.049363873330385,9.36,71.11,24,4902926,Sputnik-4,pm25,µg/m³,41.204655,69.232522,UZ,Tashkent
2023-05-14,31.612916666666667,21.41998832443287,7.18,114.21,24,4902926,Sputnik-4,pm25,µg/m³,41.204655,69.232522,UZ,Tashkent
2023-05-15,37.449999999999996,25.699046336560738,12.5,105.29,24,4902926,Sputnik-4,pm25,µg/m³,41.204655,69.232522,UZ,Tashkent
2023-05-16,36.71333333333333,35.335389535466966,6.53,148.51,24,4902926,Sputnik-4,pm25,µg/m³,41.204655,69.232522,UZ,Tashkent
2023-05-17,32.86541666666667,18.672484518127472,10.24,71.62,24,4902926,Sputnik-4,pm25,µg/m³,41.204655,69.232522,UZ,Tashkent
2023-05-18,33.58958333333333,29.266995728111137,8.92,146.99,24,4902926,Sputnik-4,pm25,µg/m³,41.204655,69.232522,UZ,Tashkent
2023-05-19,29.48875,13.46751270166712,10.26,70.19,24,4902926,Sputnik-4,pm25,µg/m³,41.204655,69.232522,UZ,Tashkent
2023-05-20,37.85208333333333,55.25180429705178,6.54,290.0,24,4902926,Sputnik-4,pm25,µg/m³,41.204655,69.232522,UZ,Tashkent
2023-05-21,27.969166666666666,22.242450192811727,7.93,113.0,24,4902926,Sputnik-4,pm25,µg/m³,41.204655,69.232522,UZ,Tashkent
2023-05-22,31.370416666666667,25.54345053112895,9.14,134.18,24,4902926,Sputnik-4,pm25,µg/m³,41.204655,69.232522,UZ,Tashkent
2023-05-23,27.194999999999997,14.86533522340979,6.15,65.83,24,4902926,Sputnik-4,pm25,µg/m³,41.204655,69.232522,UZ,Tashkent
2023-05-24,30.462083333333336,19.834116628363773,6.15,83.93,24,4902926,Sputnik-4,pm25,µg/m³,41.204655,69.232522,UZ,Tashkent
2023-05-25,33.45458333333333,23.941144860055147,4.2,99.24,24,4902926,Sputnik-4,pm25,µg/m³,41.204655,69.232522,UZ,Tashkent
2023-05-26,37.97625,30.538942183283186,6.85,131.77,24,4902926,Sputnik-4,pm25,µg/m³,41.204655,69.232522,UZ,Tashkent
2023-05-27,31.275833333333335,28.63763864394984,5.84,122.05,24,4902926,Sputnik-4,pm25,µg/m³,41.204655,69.232522,UZ,Tashkent
2023-05-28,30.160833333333333,34.647151073879535,7.92,172.18,24,4902926,Sputnik-4,pm25,µg/m³,41.204655,69.232522,UZ,Tashkent
2023-05-29,30.572083333333335,18.505982106656326,8.55,81.5,24,4902926,Sputnik-4,pm25,µg/m³,41.204655,69.232522,UZ,Tashkent
2023-05-30,40.61958333333333,37.35371158779349,10.49,144.15,24,4902926,Sputnik-4,pm25,µg/m³,41.204655,69.232522,UZ,Tashkent
2023-05-31,37.35875,21.648045059342063,7.73,99.56,24,4902926,Sputnik-4,pm25,µg/m³,41.204655,69.232522,UZ,Tashkent
2023-06-01,38.56166666666667,25.8680907459476,15.79,103.71,24,4902926,Sputnik-4,pm25,µg/m³,41.204655,69.232522,UZ,Tashkent
2023-06-02,39.49208333333333,30.273804859786058,7.7,132.34,24,4902926,Sputnik-4,pm25,µg/m³,41.204655,69.232522,UZ,Tashkent
2023-06-03,34.934583333333336,20.596141255134402,5.8,92.55,24,4902926,Sputnik-4,pm25,µg/m³,41.204655,69.232522,UZ,Tashkent
2023-06-04,33.494166666666665,29.455594126792253,7.91,144.35,24,4902926,Sputnik-4,pm25,µg/m³,41.204655,69.232522,UZ,Tashkent
2023-06-05,54.37708333333333,42.492519697631764,8.51,213.54,24,4902926,Sputnik-4,pm25,µg/m³,41.204655,69.232522,UZ,Tashkent
2023-06-06,37.24041666666667,24.529685915706064,14.41,111.04,24,4902926,Sputnik-4,pm25,µg/m³,41.204655,69.232522,UZ,Tashkent
2023-06-07,40.000416666666666,19.489975902714857,15.02,85.54,24,4902926,Sputnik-4,pm25,µg/m³,41.204655,69.232522,UZ,Tashkent
2023-06-08,45.572916666666664,44.14031071768325,14.11,198.95,24,4902926,Sputnik-4,pm25,µg/m³,41.204655,69.232522,UZ,Tashkent
2023-06-09,54.44583333333333,34.114573822656055,16.65,136.19,24,4902926,Sputnik-4,pm25,µg/m³,41.204655,69.232522,UZ,Tashkent
2023-06-10,40.85458333333333,27.423577126763316,10.61,123.45,24,4902926,Sputnik-4,pm25,µg/m³,41.204655,69.232522,UZ,Tashkent
2023-06-11,37.06125,20.18982897455397,12.82,94.16,24,4902926,Sputnik-4,pm25,µg/m³,41.204655,69.232522,UZ,Tashkent
2023-06-12,43.44958333333333,35.19303321362571,10.8,155.5,24,4902926,Sputnik-4,pm25,µg/m³,41.204655,69.232522,UZ,Tashkent
2023-06-13,38.887499999999996,17.257631519190976,6.89,77.35,24,4902926,Sputnik-4,pm25,µg/m³,41.204655,69.232522,UZ,Tashkent
2023-06-14,36.59708333333334,23.18469425385911,6.54,109.48,24,4902926,Sputnik-4,pm25,µg/m³,41.204655,69.232522,UZ,Tashkent
2023-06-15,42.194583333333334,21.717083033202556,11.7,91.38,24,4902926,Sputnik-4,pm25,µg/m³,41.204655,69.232522,UZ,Tashkent
2023-06-16,42.91583333333333,30.95719806957407,7.41,158.04,24,4902926,Sputnik-4,pm25,µg/m³,41.204655,69.232522,UZ,Tashkent
2023-06-17,44.156666666666666,28.58795743219385,14.74,121.49,24,4902926,Sputnik-4,pm25,µg/m³,41.204655,69.232522,UZ,Tashkent
2023-06-18,33.973333333333336,18.104486272424463,9.87,83.44,24,4902926,Sputnik-4,pm25,µg/m³,41.204655,69.232522,UZ,Tashkent
2023-06-19,50.24041666666667,35.105515047857686,12.75,157.22,24,4902926,Sputnik-4,pm25,µg/m³,41.204655,69.232522,UZ,Tashkent
2023-06-20,44.68875,46.33549454674358,10.88,226.07,24,4902926,Sputnik-4,pm25,µg/m³,41.204655,69.232522,UZ,Tashkent
2023-06-21,32.15958333333334,17.81311131165607,11.48,75.59,24,4902926,Sputnik-4,pm25,µg/m³,41.204655,69.232522,UZ,Tashkent
2023-06-22,36.82541666666666,16.11122805325708,13.16,71.25,24,4902926,Sputnik-4,pm25,µg/m³,41.204655,69.232522,UZ,Tashkent
2023-06-23,50.694583333333334,39.284536616971124,10.42,166.63,24,4902926,Sputnik-4,pm25,µg/m³,41.204655,69.232522,UZ,Tashkent
2023-06-24,33.475,23.002258490247733,7.77,91.27,24,4902926,Sputnik-4,pm25,µg/m³,41.204655,69.232522,UZ,Tashkent
2023-06-25,44.224583333333335,34.507944766281774,9.11,167.1,24,4902926,Sputnik-4,pm25,µg/m³,41.204655,69.232522,UZ,Tashkent
2023-06-26,40.340833333333336,22.161207963597047,8.88,93.59,24,4902926,Sputnik-4,pm25,µg/m³,41.204655,69.232522,UZ,Tashkent
2023-06-27,41.32375,32.3874006383454,10.06,149.33,24,4902926,Sputnik-4,pm25,µg/m³,41.204655,69.232522,UZ,Tashkent
2023-06-28,41.499583333333334,26.562147712923895,12.29,104.05,24,4902926,Sputnik-4,pm25,µg/m³,41.204655,69.232522,UZ,Tashkent
2023-06-29,41.2275,28.099736537523995,14.65,134.47,24,4902926,Sputnik-4,pm25,µg/m³,41.204655,69.232522,UZ,Tashkent
2023-06-30,36.4625,21.684863334272755,12.3,100.52,24,4902926,Sputnik-4,pm25,µg/m³,41.204655,69.232522,UZ,Tashkent
